tabId,hostname,countRequests,timeStamp,countSecure,countInsecure,countBroken,countWeak,countHpkpTrue,countHpkpFalse,countHstsTrue,countHstsFalse,countIsExtendedValidationTrue,countIsExtendedValidationFalse,countIsTRRTrue,countIsTRRFalse,countIsNotValidTrue,countIsNotValidFalse,countCTSNotApplicable,countCTSPolicyCompliant,countCTSPolicyNotEnoughSCTS,countCTSPolicyNotDiverseSCTS,countIsDomainMismatchTrue,countIsDomainMismatchFalse,countIsUntrustedTrue,countIsUntrustedFalse
1,google.com,29,1671112213426,29,0,0,0,0,29,0,29,0,29,0,22,0,0,24,0,0,0,0,0,0,0
1,facebook.com,12,1671112216212,12,0,0,0,0,12,0,12,0,12,0,6,0,0,8,0,0,0,0,0,0,0
1,youtube.com,56,1671112218401,56,0,0,0,0,56,0,56,0,56,3,35,0,0,41,0,0,0,0,0,0,0
1,twitter.com,229,1671112221511,229,0,0,0,0,229,0,229,0,229,0,166,0,0,166,0,0,0,0,0,0,0
1,instagram.com,29,1671112222963,29,0,0,0,0,29,0,29,0,29,0,17,0,0,19,0,0,0,0,0,0,0
1,linkedin.com,26,1671112225403,26,0,0,0,0,26,0,26,0,26,0,21,0,0,23,0,0,0,0,0,0,0
1,apple.com,27,1671112227116,27,0,0,0,0,27,0,27,26,1,0,24,0,0,25,0,0,0,0,0,0,0
1,microsoft.com,29,1671112229233,29,0,0,0,0,29,0,29,0,29,0,24,0,0,27,0,0,0,0,0,0,0
1,wikipedia.org,8,1671112232713,8,0,0,0,0,8,0,8,0,8,0,5,0,0,7,0,0,0,0,0,0,0
1,googletagmanager.com,3,1671112234292,3,0,0,0,0,3,0,3,0,3,0,2,0,0,3,0,0,0,0,0,0,0
1,wordpress.org,24,1671112236439,24,0,0,0,0,24,0,24,0,24,0,15,0,0,16,0,0,0,0,0,0,0
1,youtu.be,12,1671112238710,12,0,0,0,0,12,0,12,0,12,0,9,0,0,11,0,0,0,0,0,0,0
1,en.wikipedia.org,16,1671112242042,16,0,0,0,0,16,0,16,0,16,0,10,0,0,12,0,0,0,0,0,0,0
1,pinterest.com,67,1671112243420,67,0,0,0,0,67,0,67,0,67,0,49,0,0,51,0,0,0,0,0,0,0
1,play.google.com,43,1671112246895,43,0,0,0,0,43,0,43,0,43,0,33,0,0,36,0,0,0,0,0,0,0
1,github.com,15,1671112249573,15,0,0,0,0,15,0,15,0,15,0,12,0,0,13,0,0,0,0,0,0,0
1,vimeo.com,13,1671112251331,13,0,0,0,0,13,0,13,0,13,0,8,0,0,9,0,0,0,0,0,0,0
1,maps.google.com,3,1671112253197,3,0,0,0,0,3,0,3,0,3,0,0,0,0,3,0,0,0,0,0,0,0
1,google.com,47,1671112253399,47,0,0,0,0,47,0,47,0,47,0,37,0,0,37,0,0,0,0,0,0,0
1,goo.gl,8,1671112255041,8,0,0,0,0,8,0,8,0,8,0,4,0,0,6,0,0,0,0,0,0,0
1,developers.googleblog.com,13,1671112255340,13,0,0,0,0,13,0,13,0,13,0,11,0,0,11,0,0,0,0,0,0,0
1,plus.google.com,3,1671112257124,3,0,0,0,0,3,0,3,0,3,0,0,0,0,3,0,0,0,0,0,0,0
1,accounts.google.com,13,1671112257416,13,0,0,0,0,13,0,13,0,13,0,12,0,0,12,0,0,0,0,0,0,0
1,bit.ly,13,1671112259303,13,0,0,0,0,13,0,13,1,12,0,8,0,0,10,0,0,0,0,0,0,0
1,adobe.com,81,1671112261009,81,0,0,0,0,81,0,81,1,80,0,55,0,0,57,0,0,0,0,0,0,0
1,docs.google.com,3,1671112263494,3,0,0,0,0,3,0,3,0,3,0,0,0,0,3,0,0,0,0,0,0,0
1,accounts.google.com,21,1671112263890,21,0,0,0,0,21,0,21,0,21,0,14,0,0,14,0,0,0,0,0,0,0
1,wordpress.com,36,1671112265535,36,0,0,0,0,36,0,36,0,36,0,30,0,0,31,0,0,0,0,0,0,0
1,blogspot.com,6,1671112268259,6,0,0,0,0,6,0,6,0,6,0,0,0,0,6,0,0,0,0,0,0,0
1,blogger.com,12,1671112268644,12,0,0,0,0,12,0,12,0,12,0,8,0,0,8,0,0,0,0,0,0,0
1,amazon.com,51,1671112270229,51,0,0,0,0,51,0,51,0,51,0,40,0,0,45,0,0,0,0,0,0,0
1,itunes.apple.com,8,1671112278310,8,0,0,0,0,8,0,8,7,1,0,6,0,0,8,0,0,0,0,0,0,0
1,mozilla.org,11,1671112280261,11,0,0,0,0,11,0,11,0,11,0,8,0,0,11,0,0,0,0,0,0,0
1,macromedia.com,0,1671112282589,0,0,0,0,0,0,0,0,0,0,0,0,0,0,0,0,0,0,0,0,0,0
1,apps.apple.com,11,1671112292594,11,0,0,0,0,11,0,11,10,1,0,8,0,0,11,0,0,0,0,0,0,0
1,drive.google.com,3,1671112294536,3,0,0,0,0,3,0,3,0,3,0,0,0,0,3,0,0,0,0,0,0,0
1,google.com,9,1671112294759,9,0,0,0,0,9,0,9,0,9,0,8,0,0,8,0,0,0,0,0,0,0
1,yahoo.com,30,1671112297052,30,0,0,0,0,30,0,30,0,30,0,22,0,0,24,0,0,0,0,0,0,0
1,whatsapp.com,16,1671112300019,16,0,0,0,0,16,0,16,0,16,0,13,0,0,15,0,0,0,0,0,0,0
1,tumblr.com,31,1671112302138,31,0,0,0,0,31,0,31,0,31,0,20,0,0,22,0,0,0,0,0,0,0
1,europa.eu,21,1671112304267,21,0,0,0,0,21,0,21,0,21,0,11,0,0,14,0,0,0,0,0,0,0
1,api.whatsapp.com,12,1671112306872,12,0,0,0,0,12,0,12,0,12,0,8,0,0,9,0,0,0,0,0,0,0
1,flickr.com,46,1671112316552,46,0,0,0,0,46,0,46,0,46,0,34,0,0,35,0,0,0,0,0,0,0
1,reddit.com,80,1671112319021,80,0,0,0,0,80,0,80,0,80,7,63,0,0,72,0,0,0,0,0,0,0
1,qq.com,65,1671112324954,65,0,0,0,0,65,0,65,0,65,0,49,0,0,51,0,0,0,0,0,0,0
1,gravatar.com,14,1671112333853,14,0,0,0,0,14,0,14,0,14,0,9,0,0,11,0,0,0,0,0,0,0
1,nih.gov,18,1671112335613,18,0,0,0,0,18,0,18,0,18,0,15,0,0,17,0,0,0,0,0,0,0
1,policies.google.com,17,1671112338198,17,0,0,0,0,17,0,17,0,17,0,15,0,0,16,0,0,0,0,0,0,0
1,nytimes.com,58,1671112339887,58,0,0,0,0,58,0,58,0,58,0,47,0,0,49,0,0,0,0,0,0,0
1,amazonaws.com,3,1671112343984,3,0,0,0,0,3,0,3,0,3,0,3,0,0,3,0,0,0,0,0,0,0
1,apache.org,29,1671112344189,29,0,0,0,0,29,0,29,0,29,0,24,0,0,25,0,0,0,0,0,0,0
1,github.io,15,1671112346202,15,0,0,0,0,15,0,15,0,15,0,11,0,0,13,0,0,0,0,0,0,0
1,sites.google.com,23,1671112348200,23,0,0,0,0,23,0,23,0,23,0,15,0,0,18,0,0,0,0,0,0,0
1,soundcloud.com,19,1671112351433,19,0,0,0,0,19,0,19,0,19,0,18,0,0,19,0,0,0,0,0,0,0
1,miit.gov.cn,6,1671112353513,6,0,0,0,0,6,0,6,0,6,0,5,0,0,5,0,0,0,0,0,0,0
1,t.co,4,1671112353867,4,0,0,0,0,4,0,4,0,4,0,2,0,0,3,0,0,0,0,0,0,0
1,medium.com,17,1671112355067,17,0,0,0,0,17,0,17,0,17,0,14,0,0,15,0,0,0,0,0,0,0
1,w3.org,10,1671112357187,10,0,0,0,0,10,0,10,0,10,0,8,0,0,10,0,0,0,0,0,0,0
1,support.apple.com,12,1671112359299,12,0,0,0,0,12,0,12,12,0,0,9,0,0,10,0,0,0,0,0,0,0
1,forbes.com,101,1671112360903,101,0,0,0,0,101,0,101,1,100,0,87,0,0,89,0,0,0,0,0,0,0
1,forms.gle,14,1671112370238,14,0,0,0,0,14,0,14,0,14,0,11,0,0,12,0,0,0,0,0,0,0
1,baidu.com,27,1671112371865,27,0,0,0,0,27,0,27,0,27,0,22,0,0,24,0,0,0,0,0,0,0
1,zoom.us,79,1671112380287,79,0,0,0,0,79,0,79,0,79,0,64,0,0,68,0,0,0,0,0,0,0
1,beian.miit.gov.cn,20,1671112389389,20,0,0,0,0,20,0,20,0,20,0,14,0,0,15,0,0,0,0,0,0,0
1,beian.miit.gov.cn,3,1671112391795,3,0,0,0,0,3,0,3,0,3,0,3,0,0,3,0,0,0,0,0,0,0
1,cloudflare.com,47,1671112393155,47,0,0,0,0,47,0,47,0,47,0,40,0,0,42,0,0,0,0,0,0,0
1,t.me,30,1671112396649,30,0,0,0,0,30,0,30,0,30,0,24,0,0,26,0,0,0,0,0,0,0
1,ncbi.nlm.nih.gov,35,1671112400139,35,0,0,0,0,35,0,35,0,35,0,29,0,0,30,0,0,0,0,0,0,0
1,archive.org,32,1671112402586,32,0,0,0,0,32,0,32,0,32,0,27,0,0,28,0,0,0,0,0,0,0
1,theguardian.com,51,1671112405416,51,0,0,0,0,51,0,51,0,51,0,44,0,0,47,0,0,0,0,0,0,0
1,creativecommons.org,7,1671112408816,7,0,0,0,0,7,0,7,0,7,0,5,0,0,6,0,0,0,0,0,0,0
1,sourceforge.net,37,1671112411524,37,0,0,0,0,37,0,37,0,37,0,29,0,0,30,0,0,0,0,0,0,0
1,cnn.com,70,1671112415614,70,0,0,0,0,70,0,70,0,70,0,61,0,0,63,0,0,0,0,0,0,0
1,wa.me,17,1671112420416,17,0,0,0,0,17,0,17,0,17,0,12,0,0,14,0,0,0,0,0,0,0
1,open.spotify.com,56,1671112430361,56,0,0,0,0,56,0,56,0,56,6,40,0,0,47,0,0,0,0,0,0,0
1,dropbox.com,29,1671112433163,29,0,0,0,0,29,0,29,0,29,0,22,0,0,24,0,0,0,0,0,0,0
1,who.int,28,1671112435736,28,0,0,0,0,28,0,28,0,28,0,21,0,0,23,0,0,0,0,0,0,0
1,wixsite.com,0,1671112438388,0,0,0,0,0,0,0,0,0,0,0,0,0,0,0,0,0,0,0,0,0,0
1,office.com,83,1671112438674,83,0,0,0,0,83,0,83,0,83,0,70,0,0,74,0,0,0,0,0,0,0
1,m.facebook.com,18,1671112456599,18,0,0,0,0,18,0,18,0,18,0,13,0,0,14,0,0,0,0,0,0,0
1,tiktok.com,2,1671112458356,2,0,0,0,0,2,0,2,0,2,0,0,0,0,2,0,0,0,0,0,0,0
1,tiktok.com,33,1671112459585,33,0,0,0,0,33,0,33,0,33,0,26,0,0,26,0,0,0,0,0,0,0
1,issuu.com,40,1671112462606,40,0,0,0,0,40,0,40,0,40,0,34,0,0,35,0,0,0,0,0,0,0
1,weebly.com,41,1671112466687,41,0,0,0,0,41,0,41,0,41,0,32,0,0,34,0,0,0,0,0,0,0
1,sciencedirect.com,24,1671112470229,24,0,0,0,0,24,0,24,0,24,0,19,0,0,21,0,0,0,0,0,0,0
1,cdc.gov,21,1671112472050,21,0,0,0,0,21,0,21,0,21,0,18,0,0,20,0,0,0,0,0,0,0
1,bbc.com,40,1671112474976,40,0,0,0,0,40,0,40,0,40,0,28,0,0,30,0,0,0,0,0,0,0
1,vk.com,20,1671112476544,20,0,0,0,0,20,0,20,0,20,0,18,0,0,19,0,0,0,0,0,0,0
1,httpd.apache.org,9,1671112481889,9,0,0,0,0,9,0,9,0,9,0,4,0,0,5,0,0,0,0,0,0,0
1,nginx.org,4,1671112483542,4,0,0,0,0,4,0,4,0,4,0,2,0,0,3,0,0,0,0,0,0,0
1,tinyurl.com,10,1671112485127,10,0,0,0,0,10,0,10,0,10,0,7,0,0,8,0,0,0,0,0,0,0
1,opera.com,22,1671112486818,22,0,0,0,0,22,0,22,0,22,0,18,0,0,20,0,0,0,0,0,0,0
1,reuters.com,95,1671112489484,95,0,0,0,0,95,0,95,0,95,0,88,0,0,90,0,0,0,0,0,0,0
1,live.com,26,1671112499640,26,0,0,0,0,26,0,26,0,26,0,22,0,0,24,0,0,0,0,0,0,0
1,washingtonpost.com,57,1671112502605,57,0,0,0,0,57,0,57,23,34,0,53,0,0,55,0,0,0,0,0,0,0
1,oracle.com,57,1671112513533,57,0,0,0,0,57,0,57,0,57,0,50,0,0,52,0,0,0,0,0,0,0
1,nginx.com,37,1671112520604,37,0,0,0,0,37,0,37,1,36,0,28,0,0,30,0,0,0,0,0,0,0
1,youtube-nocookie.com,6,1671112524962,6,0,0,0,0,6,0,6,0,6,0,5,0,0,6,0,0,0,1,0,0,0
1,bloomberg.com,156,1671112526289,156,0,0,0,0,156,0,156,3,153,0,122,0,0,124,0,0,0,0,0,0,0
1,imdb.com,44,1671112534080,44,0,0,0,0,44,0,44,0,44,0,41,0,0,43,0,0,0,0,0,0,0
1,harvard.edu,21,1671112539863,21,0,0,0,0,21,0,21,0,21,0,18,0,0,20,0,0,0,0,0,0,0
1,php.net,17,1671112542507,17,0,0,0,0,17,0,17,0,17,0,11,0,0,13,0,0,0,0,0,0,0
1,mit.edu,21,1671112544997,21,0,0,0,0,21,0,21,0,21,0,18,0,0,20,0,0,0,0,0,0,0
1,accounts.google.com,18,1671112548150,18,0,0,0,0,18,0,18,0,18,0,11,0,0,14,0,0,0,0,0,0,0
1,doi.org,5,1671112550680,5,0,0,0,0,5,0,5,0,5,0,3,0,0,5,0,0,0,0,0,0,0
1,wsj.com,93,1671112552305,93,0,0,0,0,93,0,93,0,93,0,80,0,0,82,0,0,0,0,0,0,0
1,wikimedia.org,10,1671112571818,10,0,0,0,0,10,0,10,0,10,0,7,0,0,9,0,0,0,0,0,0,0
1,bing.com,37,1671112574265,37,0,0,0,0,37,0,37,0,37,0,29,0,0,34,0,0,0,0,0,0,0
1,nature.com,29,1671112580631,29,0,0,0,0,29,0,29,0,29,0,24,0,0,27,0,0,0,0,0,0,0
1,msn.com,133,1671112586012,133,0,0,0,0,133,0,133,0,133,0,118,0,0,122,0,0,0,0,0,0,0
1,businessinsider.com,29,1671112594665,29,0,0,0,0,29,0,29,0,29,0,24,0,0,27,0,0,0,0,0,0,0
1,researchgate.net,35,1671112601541,35,0,0,0,0,35,0,35,0,35,0,29,0,0,31,0,0,0,0,0,0,0
1,wpa.qq.com,2,1671112607519,2,0,0,0,0,2,0,2,0,2,0,0,0,0,1,0,0,0,0,0,0,0
1,ibm.com,33,1671112610944,33,0,0,0,0,33,0,33,0,33,21,0,0,0,26,0,0,0,1,0,0,0
1,springer.com,14,1671112617493,14,0,0,0,0,14,0,14,0,14,9,0,0,0,12,0,0,0,0,0,0,0
1,wp.com,17,1671112620512,17,0,0,0,0,17,0,17,0,17,13,0,0,0,15,0,0,0,0,0,0,0
1,wix.com,19,1671112623558,19,0,0,0,0,19,0,19,0,19,14,0,0,0,16,0,0,0,0,0,0,0
1,slideshare.net,19,1671112626570,19,0,0,0,0,19,0,19,0,19,14,0,0,0,16,0,0,0,0,0,0,0
1,cpanel.net,38,1671112630247,38,0,0,0,0,38,0,38,0,38,34,0,0,0,37,0,0,0,0,0,0,0
1,cnbc.com,26,1671112637334,26,0,0,0,0,26,0,26,0,26,19,0,0,0,21,0,0,0,0,0,0,0
1,go.com,60,1671112640943,60,0,0,0,0,60,0,60,0,60,55,0,0,0,55,0,0,0,0,0,0,0
1,outlook.com,26,1671112650865,26,0,0,0,0,26,0,26,0,26,18,0,0,0,21,0,0,0,0,0,0,0
1,time.com,47,1671112653793,47,0,0,0,0,47,0,47,0,47,43,0,0,0,45,0,0,0,0,0,0,0
1,dailymail.co.uk,19,1671112672438,19,0,0,0,0,19,0,19,0,19,15,0,0,0,18,0,0,0,0,0,0,0
1,g.page,3,1671112687138,3,0,0,0,0,3,0,3,0,3,0,0,0,0,3,0,0,0,0,0,0,0
1,google.com,10,1671112687524,10,0,0,0,0,10,0,10,0,10,9,0,0,0,9,0,0,0,0,0,0,0
1,telegraph.co.uk,67,1671112691608,67,0,0,0,0,67,0,67,0,67,52,0,0,0,54,0,0,0,0,0,0,0
1,mp.weixin.qq.com,20,1671112702375,20,0,0,0,0,20,0,20,0,20,12,0,0,0,13,0,0,0,0,0,0,0
1,usatoday.com,55,1671112707552,55,0,0,0,0,55,0,55,0,55,49,0,0,0,51,0,0,0,0,0,0,0
1,windows.microsoft.com,5,1671112717577,5,0,0,0,0,5,0,5,0,5,1,0,0,0,5,0,0,0,0,0,0,0
1,microsoft.com,35,1671112718172,35,0,0,0,0,35,0,35,0,35,30,0,0,0,30,0,0,0,0,0,0,0
1,cnet.com,98,1671112722205,98,0,0,0,0,98,0,98,0,98,82,0,0,0,86,0,0,0,0,0,0,0
1,npr.org,45,1671112735565,45,0,0,0,0,45,0,45,18,27,36,0,0,0,40,0,0,0,0,0,0,0
1,ted.com,49,1671112747646,49,0,0,0,0,49,0,49,0,49,34,0,0,0,36,0,0,0,0,0,0,0
1,ancomunn.co.uk,45,1671112751972,45,0,0,0,0,45,0,45,0,45,38,0,0,0,39,0,0,0,0,0,0,0
1,wired.com,44,1671112762010,44,0,0,0,0,44,0,44,0,44,41,0,0,0,43,0,0,0,0,0,0,0
1,beian.gov.cn,1,1671112772234,1,0,0,0,0,1,0,1,0,1,0,0,0,0,0,0,0,0,0,0,0,0
1,cloudfront.net,0,1671112772390,0,0,0,0,0,0,0,0,0,0,0,0,0,0,0,0,0,0,0,0,0,0
1,blogger.com,13,1671112772547,13,0,0,0,0,13,0,13,0,13,5,0,0,0,12,0,0,0,0,0,0,0
1,hp.com,24,1671112775222,22,2,0,0,0,22,0,22,0,22,17,0,0,0,20,0,0,0,0,0,0,0
1,amzn.to,95,1671112779518,95,0,0,0,0,95,0,95,0,95,85,0,0,0,89,0,0,0,0,0,0,0
1,addtoany.com,13,1671112804482,13,0,0,0,0,13,0,13,0,13,10,0,0,0,12,0,0,0,0,0,0,0
1,mysql.com,23,1671112805979,23,0,0,0,0,23,0,23,0,23,19,0,0,0,21,0,0,0,0,0,0,0
1,unsplash.com,27,1671112809187,27,0,0,0,0,27,0,27,0,27,24,0,0,0,25,0,0,0,0,0,0,0
1,statista.com,18,1671112813891,18,0,0,0,0,18,0,18,0,18,14,0,0,0,16,0,0,0,0,0,0,0
1,i0.wp.com,3,1671112820128,3,0,0,0,0,3,0,3,0,3,1,0,0,0,2,0,0,0,0,0,0,0
1,myspace.com,29,1671112821291,29,0,0,0,0,29,0,29,0,29,26,0,0,0,27,0,0,0,0,0,0,0
1,googleusercontent.com,1,1671112831309,1,0,0,0,0,1,0,1,0,1,1,0,0,0,1,0,0,0,0,0,0,0
1,bp.blogspot.com,0,1671112831416,0,0,0,0,0,0,0,0,0,0,0,0,0,0,0,0,0,0,0,0,0,0
1,aol.com,93,1671112831558,93,0,0,0,0,93,0,93,0,93,75,0,0,0,77,0,0,0,0,0,0,0
1,loc.gov,14,1671112846030,14,0,0,0,0,14,0,14,0,14,12,0,0,0,13,0,0,0,0,0,0,0
1,independent.co.uk,54,1671112848895,54,0,0,0,0,54,0,54,0,54,44,0,0,0,47,0,0,0,0,0,0,0
1,webmd.com,93,1671112852680,93,0,0,0,0,93,0,93,0,93,82,0,0,0,84,0,0,0,0,0,0,0
1,gc.ca,20,1671112865537,20,0,0,0,0,20,0,20,0,20,17,0,0,0,19,0,0,0,0,0,0,0
1,etsy.com,50,1671112867943,50,0,0,0,0,50,0,50,0,50,42,0,0,0,45,0,0,0,0,0,0,0
1,huffingtonpost.com,40,1671112872977,40,0,0,0,0,40,0,40,0,40,33,0,0,0,35,0,0,0,0,0,0,0
1,techcrunch.com,50,1671112877614,50,0,0,0,0,50,0,50,0,50,42,0,0,0,42,0,0,0,0,0,0,0
1,debian.org,10,1671112887652,10,0,0,0,0,10,0,10,0,10,7,0,0,0,9,0,0,0,0,0,0,0
1,ft.com,21,1671112890118,21,0,0,0,0,21,0,21,0,21,19,0,0,0,21,0,0,0,0,0,0,0
1,behance.net,35,1671112895187,35,0,0,0,0,35,0,35,0,35,25,0,0,0,30,0,0,0,0,0,0,0
1,imgur.com,30,1671112901409,30,0,0,0,0,30,0,30,0,30,27,0,0,0,28,0,0,0,0,0,0,0
1,amazon.co.uk,112,1671112905968,112,0,0,0,0,112,0,112,0,112,93,0,0,0,98,0,0,0,0,0,0,0
1,domainmarket.com,24,1671112923688,24,0,0,0,0,24,0,24,0,24,21,0,0,0,22,0,0,0,0,0,0,0
1,prnewswire.com,36,1671112928102,36,0,0,0,0,36,0,36,0,36,30,0,0,0,32,0,0,0,0,0,0,0
1,sina.com.cn,38,1671112931168,38,0,0,0,0,38,0,38,0,38,33,0,0,0,35,0,0,0,0,0,0,0
1,washington.edu,62,1671112941163,62,0,0,0,0,62,0,62,0,62,51,0,0,0,53,0,0,0,0,0,0,0
1,yelp.com,21,1671112951937,21,0,0,0,0,21,0,21,0,21,16,0,0,0,18,0,0,0,0,0,0,0
1,themeforest.net,34,1671112956555,34,0,0,0,0,34,0,34,0,34,28,0,0,0,29,0,0,0,0,0,0,0
1,cornell.edu,23,1671112960034,23,0,0,0,0,23,0,23,0,23,17,0,0,0,19,0,0,0,0,0,0,0
1,twitch.tv,47,1671112963013,47,0,0,0,0,47,0,47,0,47,41,0,0,0,43,0,0,0,0,0,0,0
1,theverge.com,65,1671112972959,65,0,0,0,0,65,0,65,0,65,58,0,0,0,60,0,0,0,1,0,0,0
1,linktr.ee,18,1671112979772,18,0,0,0,0,18,0,18,0,18,14,0,0,0,15,0,0,0,0,0,0,0
1,oup.com,0,1671112981946,0,0,0,0,0,0,0,0,0,0,0,0,0,0,0,0,0,0,0,0,0,0
1,linktr.ee,14,1671112981968,14,0,0,0,0,14,0,14,0,14,12,0,0,0,12,0,0,0,0,0,0,0
1,free.fr,35,1671112985406,35,0,0,0,0,35,0,35,0,35,31,0,0,0,33,0,0,0,0,0,0,0
1,ca.gov,31,1671112990351,31,0,0,0,0,31,0,31,0,31,25,0,0,0,27,0,0,0,0,0,0,0
1,stackoverflow.com,8,1671112993041,8,0,0,0,0,8,0,8,0,8,6,0,0,0,7,0,0,0,0,0,0,0
1,dailymotion.com,33,1671112995167,33,0,0,0,0,33,0,33,0,33,24,0,0,0,26,0,0,0,0,0,0,0
1,baike.baidu.com,58,1671112997760,58,0,0,0,0,58,0,58,0,58,53,0,0,0,54,0,0,0,0,0,0,0
1,nationalgeographic.com,102,1671113007301,102,0,0,0,0,102,0,102,0,102,83,0,0,0,85,0,0,0,0,0,0,0
1,fda.gov,24,1671113015938,24,0,0,0,0,24,0,24,0,24,15,0,0,0,17,0,0,0,0,0,0,0
1,tandfonline.com,33,1671113017936,33,0,0,0,0,33,0,33,0,33,27,0,0,0,29,0,0,0,0,0,0,0
1,theatlantic.com,14,1671113023904,14,0,0,0,0,14,0,14,0,14,12,0,0,0,14,0,0,0,0,0,0,0
1,mailchimp.com,18,1671113026576,18,0,0,0,0,18,0,18,0,18,17,0,0,0,18,0,0,0,0,0,0,0
1,squarespace.com,44,1671113030190,44,0,0,0,0,44,0,44,0,44,38,0,0,0,40,0,0,0,0,0,0,0
1,telegram.me,18,1671113038237,18,0,0,0,0,18,0,18,0,18,12,0,0,0,14,0,0,0,0,0,0,0
1,google.com,18,1671113040668,18,0,0,0,0,18,0,18,0,18,11,0,0,0,13,0,0,0,0,0,0,0
1,facebook.com,15,1671113042501,15,0,0,0,0,15,0,15,0,15,9,0,0,0,10,0,0,0,0,0,0,0
1,youtube.com,43,1671113044246,43,0,0,0,0,43,0,43,0,43,35,0,0,0,37,0,0,0,0,0,0,0
1,twitter.com,25,1671113046795,25,0,0,0,0,25,0,25,0,25,21,0,0,0,21,0,0,0,0,0,0,0
1,instagram.com,28,1671113049776,28,0,0,0,0,28,0,28,0,28,13,0,0,0,15,0,0,0,0,0,0,0
1,linkedin.com,18,1671113051738,18,0,0,0,0,18,0,18,0,18,14,0,0,0,16,0,0,0,0,0,0,0
1,apple.com,9,1671113053717,9,0,0,0,0,9,0,9,8,1,8,0,0,0,9,0,0,0,0,0,0,0
1,microsoft.com,26,1671113056737,26,0,0,0,0,26,0,26,0,26,19,0,0,0,22,0,0,0,0,0,0,0
1,wikipedia.org,10,1671113059773,10,0,0,0,0,10,0,10,0,10,7,0,0,0,10,0,0,0,0,0,0,0
1,googletagmanager.com,2,1671113061213,2,0,0,0,0,2,0,2,0,2,0,0,0,0,1,0,0,0,0,0,0,0
1,wordpress.org,22,1671113063308,22,0,0,0,0,22,0,22,0,22,16,0,0,0,17,0,0,0,0,0,0,0
1,youtu.be,13,1671113066277,13,0,0,0,0,13,0,13,0,13,9,0,0,0,11,0,0,0,0,0,0,0
1,en.wikipedia.org,12,1671113069644,12,0,0,0,0,12,0,12,0,12,10,0,0,0,12,0,0,0,0,0,0,0
1,pinterest.com,38,1671113071446,38,0,0,0,0,38,0,38,0,38,31,0,0,0,33,0,0,0,0,0,0,0
1,play.google.com,35,1671113076864,35,0,0,0,0,35,0,35,0,35,22,0,0,0,25,0,0,0,0,0,0,0
1,github.com,12,1671113079108,12,0,0,0,0,12,0,12,0,12,7,0,0,0,8,0,0,0,0,0,0,0
1,vimeo.com,13,1671113081468,13,0,0,0,0,13,0,13,0,13,11,0,0,0,12,0,0,0,0,0,0,0
1,maps.google.com,3,1671113083276,3,0,0,0,0,3,0,3,0,3,0,0,0,0,3,0,0,0,0,0,0,0
1,google.com,30,1671113083553,30,0,0,0,0,30,0,30,0,30,23,0,0,0,26,0,0,0,0,0,0,0
1,developers.googleblog.com,8,1671113086480,8,0,0,0,0,8,0,8,0,8,6,0,0,0,6,0,0,0,0,0,0,0
1,plus.google.com,3,1671113088519,3,0,0,0,0,3,0,3,0,3,0,0,0,0,3,0,0,0,0,0,0,0
1,accounts.google.com,18,1671113090507,18,0,0,0,0,18,0,18,0,18,14,0,0,0,14,0,0,0,0,0,0,0
1,bit.ly,16,1671113092252,16,0,0,0,0,16,0,16,1,15,9,0,0,0,12,0,0,0,0,0,0,0
1,adobe.com,31,1671113094136,31,0,0,0,0,31,0,31,1,30,23,0,0,0,25,0,0,0,0,0,0,0
1,docs.google.com,23,1671113096761,23,0,0,0,0,23,0,23,0,23,18,0,0,0,18,0,0,0,0,0,0,0
1,wordpress.com,24,1671113099520,24,0,0,0,0,24,0,24,0,24,19,0,0,0,20,0,0,0,0,0,0,0
1,blogspot.com,8,1671113102127,8,0,0,0,0,8,0,8,0,8,1,0,0,0,8,0,0,0,0,0,0,0
1,blogger.com,8,1671113102563,8,0,0,0,0,8,0,8,0,8,6,0,0,0,6,0,0,0,0,0,0,0
1,amazon.com,84,1671113104507,84,0,0,0,0,84,0,84,6,78,57,0,0,0,61,0,0,0,0,0,0,0
1,mozilla.org,13,1671113126965,13,0,0,0,0,13,0,13,0,13,6,0,0,0,10,0,0,0,0,0,0,0
1,macromedia.com,1,1671113128672,1,0,0,0,0,1,0,1,0,1,1,0,0,0,1,0,0,0,0,0,0,0
1,apps.apple.com,9,1671113138711,9,0,0,0,0,9,0,9,9,0,6,0,0,0,9,0,0,0,0,0,0,0
1,drive.google.com,4,1671113141069,4,0,0,0,0,4,0,4,0,4,0,0,0,0,4,0,0,0,0,0,0,0
1,google.com,7,1671113141381,7,0,0,0,0,7,0,7,0,7,6,0,0,0,6,0,0,0,0,0,0,0
1,yahoo.com,52,1671113143506,52,0,0,0,0,52,0,52,0,52,44,0,0,0,47,0,0,0,0,0,0,0
1,tumblr.com,27,1671113155443,27,0,0,0,0,27,0,27,0,27,20,0,0,0,22,0,0,0,0,0,0,0
1,europa.eu,23,1671113158684,23,0,0,0,0,23,0,23,0,23,16,0,0,0,20,0,0,0,0,0,0,0
1,api.whatsapp.com,9,1671113160921,9,0,0,0,0,9,0,9,0,9,6,0,0,0,7,0,0,0,0,0,0,0
1,flickr.com,62,1671113170957,62,0,0,0,0,62,0,62,0,62,48,0,0,0,50,0,0,0,0,0,0,0
1,qq.com,61,1671113179672,61,0,0,0,0,61,0,61,0,61,56,0,0,0,57,0,0,0,0,0,0,0
1,gravatar.com,12,1671113190609,12,0,0,0,0,12,0,12,0,12,8,0,0,0,10,0,0,0,0,0,0,0
1,nih.gov,15,1671113192297,15,0,0,0,0,15,0,15,0,15,8,0,0,0,10,0,0,0,0,0,0,0
1,policies.google.com,13,1671113194780,13,0,0,0,0,13,0,13,0,13,10,0,0,0,11,0,0,0,0,0,0,0
1,nytimes.com,52,1671113196435,52,0,0,0,0,52,0,52,0,52,45,0,0,0,47,0,0,0,0,0,0,0
1,amazonaws.com,2,1671113204003,2,0,0,0,0,2,0,2,0,2,1,0,0,0,1,0,0,0,0,0,0,0
1,apache.org,16,1671113204244,16,0,0,0,0,16,0,16,0,16,12,0,0,0,13,0,0,0,0,0,0,0
1,github.io,16,1671113207770,16,0,0,0,0,16,0,16,0,16,8,0,0,0,11,0,0,0,0,0,0,0
1,sites.google.com,19,1671113210753,19,0,0,0,0,19,0,19,0,19,16,0,0,0,19,0,0,0,0,0,0,0
1,soundcloud.com,23,1671113213025,23,0,0,0,0,23,0,23,0,23,17,0,0,0,17,0,0,0,0,0,0,0
1,miit.gov.cn,12,1671113215810,12,0,0,0,0,12,0,12,0,12,8,0,0,0,8,0,0,0,0,0,0,0
1,t.co,3,1671113217491,3,0,0,0,0,3,0,3,0,3,1,0,0,0,2,0,0,0,0,0,0,0
1,medium.com,21,1671113218776,21,0,0,0,0,21,0,21,0,21,11,0,0,0,15,0,0,0,0,0,0,0
1,support.apple.com,10,1671113222977,10,0,0,0,0,10,0,10,10,0,6,0,0,0,7,0,0,0,0,0,0,0
1,forbes.com,48,1671113225707,48,0,0,0,0,48,0,48,1,47,45,0,0,0,47,0,0,0,0,0,0,0
1,forms.gle,4,1671113236163,4,0,0,0,0,4,0,4,0,4,4,0,0,0,4,0,0,0,0,0,0,0
1,baidu.com,17,1671113237399,17,0,0,0,0,17,0,17,0,17,14,0,0,0,16,0,0,0,0,0,0,0
1,zoom.us,57,1671113243175,57,0,0,0,0,57,0,57,0,57,42,0,0,0,48,0,0,0,0,0,0,0
1,cloudflare.com,13,1671113253949,13,0,0,0,0,13,0,13,0,13,8,0,0,0,10,0,0,0,0,0,0,0
1,t.me,14,1671113255911,14,0,0,0,0,14,0,14,0,14,10,0,0,0,12,0,0,0,0,0,0,0
1,ncbi.nlm.nih.gov,18,1671113258358,18,0,0,0,0,18,0,18,0,18,15,0,0,0,16,0,0,0,0,0,0,0
1,archive.org,14,1671113260524,14,0,0,0,0,14,0,14,0,14,13,0,0,0,14,0,0,0,0,0,0,0
1,theguardian.com,18,1671113264619,18,0,0,0,0,18,0,18,0,18,15,0,0,0,18,0,0,0,0,0,0,0
1,creativecommons.org,7,1671113270075,7,0,0,0,0,7,0,7,0,7,4,0,0,0,5,0,0,0,0,0,0,0
1,sourceforge.net,23,1671113272708,23,0,0,0,0,23,0,23,0,23,17,0,0,0,18,0,0,0,0,0,0,0
1,cnn.com,66,1671113275486,66,0,0,0,0,66,0,66,0,66,60,0,0,0,62,0,0,0,0,0,0,0
1,wa.me,13,1671113284883,13,0,0,0,0,13,0,13,0,13,8,0,0,0,10,0,0,0,0,0,0,0
1,open.spotify.com,33,1671113294873,33,0,0,0,0,33,0,33,0,33,27,0,0,0,28,0,0,0,0,0,0,0
1,dropbox.com,49,1671113299607,49,0,0,0,0,49,0,49,0,49,32,0,0,0,37,0,0,0,0,0,0,0
1,wixsite.com,0,1671113306315,0,0,0,0,0,0,0,0,0,0,0,0,0,0,0,0,0,0,0,0,0,0
1,office.com,23,1671113306595,23,0,0,0,0,23,0,23,0,23,18,0,0,0,18,0,0,0,0,0,0,0
1,paypal.com,23,1671113309429,23,0,0,0,0,23,0,23,17,6,17,0,0,0,20,0,0,0,0,0,0,0
1,bbc.co.uk,17,1671113312568,17,0,0,0,0,17,0,17,1,16,13,0,0,0,15,0,0,0,0,0,0,0
1,bbc.com,6,1671113315416,6,0,0,0,0,6,0,6,0,6,4,0,0,0,4,0,0,0,0,0,0,0
1,m.facebook.com,8,1671113316445,8,0,0,0,0,8,0,8,0,8,7,0,0,0,8,0,0,0,0,0,0,0
1,tiktok.com,3,1671113319024,3,0,0,0,0,3,0,3,0,3,1,0,0,0,2,0,0,0,0,0,0,0
1,tiktok.com,43,1671113320341,43,0,0,0,0,43,0,43,0,43,41,0,0,0,41,0,0,0,0,0,0,0
1,weebly.com,39,1671113334670,39,0,0,0,0,39,0,39,0,39,30,0,0,0,32,0,0,0,0,0,0,0
1,sciencedirect.com,39,1671113338324,39,0,0,0,0,39,0,39,0,39,26,0,0,0,30,0,0,0,0,0,0,0
1,bbc.com,41,1671113341924,41,0,0,0,0,41,0,41,0,41,35,0,0,0,37,0,0,0,0,0,0,0
1,vk.com,20,1671113345330,20,0,0,0,0,20,0,20,0,20,16,0,0,0,17,0,0,0,0,0,0,0
1,httpd.apache.org,9,1671113348862,9,0,0,0,0,9,0,9,0,9,6,0,0,0,7,0,0,0,0,0,0,0
1,nginx.org,4,1671113350118,4,0,0,0,0,4,0,4,0,4,2,0,0,0,3,0,0,0,0,0,0,0
1,tinyurl.com,12,1671113351206,12,0,0,0,0,12,0,12,0,12,7,0,0,0,10,0,0,0,0,0,0,0
1,opera.com,14,1671113352846,14,0,0,0,0,14,0,14,0,14,11,0,0,0,11,0,0,0,0,0,0,0
1,reuters.com,95,1671113354438,95,0,0,0,0,95,0,95,0,95,83,0,0,0,86,0,0,0,0,0,0,0
1,washingtonpost.com,84,1671113367324,84,0,0,0,0,84,0,84,15,69,69,0,0,0,71,0,0,0,0,0,0,0
1,oracle.com,37,1671113377919,37,0,0,0,0,37,0,37,0,37,27,0,0,0,29,0,0,0,0,0,0,0
1,nginx.com,35,1671113381484,35,0,0,0,0,35,0,35,2,33,26,0,0,0,28,0,0,0,0,0,0,0
1,youtube-nocookie.com,9,1671113386435,9,0,0,0,0,9,0,9,0,9,5,0,0,0,6,0,0,0,1,0,0,0
1,bloomberg.com,15,1671113387740,15,0,0,0,0,15,0,15,1,14,11,0,0,0,14,0,0,0,0,0,0,0
1,imdb.com,33,1671113392073,33,0,0,0,0,33,0,33,0,33,25,0,0,0,27,0,0,0,0,0,0,0
1,harvard.edu,20,1671113398702,20,0,0,0,0,20,0,20,0,20,18,0,0,0,19,0,0,0,0,0,0,0
1,php.net,9,1671113402122,9,0,0,0,0,9,0,9,0,9,6,0,0,0,8,0,0,0,0,0,0,0
1,mit.edu,18,1671113404281,18,0,0,0,0,18,0,18,0,18,15,0,0,0,17,0,0,0,0,0,0,0
1,accounts.google.com,18,1671113407123,18,0,0,0,0,18,0,18,0,18,12,0,0,0,15,0,0,0,0,0,0,0
1,doi.org,5,1671113409187,5,0,0,0,0,5,0,5,0,5,2,0,0,0,4,0,0,0,0,0,0,0
1,wsj.com,31,1671113410694,31,0,0,0,0,31,0,31,0,31,25,0,0,0,27,0,0,0,0,0,0,0
1,weibo.com,42,1671113420695,41,1,0,0,0,41,0,41,0,41,30,0,0,0,35,0,0,0,0,0,0,0
1,bing.com,7,1671113433010,7,0,0,0,0,7,0,7,0,7,3,0,0,0,5,0,0,0,0,0,0,0
1,wiley.com,15,1671113434258,15,0,0,0,0,15,0,15,0,15,11,0,0,0,13,0,0,0,0,0,0,0
1,nature.com,19,1671113438440,19,0,0,0,0,19,0,19,0,19,14,0,0,0,16,0,0,0,0,0,0,0
1,msn.com,12,1671113441406,12,0,0,0,0,12,0,12,0,12,10,0,0,0,11,0,0,0,0,0,0,0
1,un.org,10,1671113443723,10,0,0,0,0,10,0,10,0,10,7,0,0,0,9,0,0,0,0,0,0,0
1,gnu.org,8,1671113446260,8,0,0,0,0,8,0,8,0,8,5,0,0,0,7,0,0,0,0,0,0,0
1,businessinsider.com,40,1671113448154,40,0,0,0,0,40,0,40,0,40,25,0,0,0,29,0,0,0,0,0,0,0
1,researchgate.net,44,1671113455204,44,0,0,0,0,44,0,44,0,44,38,0,0,0,39,0,0,0,0,0,0,0
1,wpa.qq.com,2,1671113461611,2,0,0,0,0,2,0,2,0,2,0,0,0,0,1,0,0,0,0,0,0,0
1,ibm.com,23,1671113464249,23,0,0,0,0,23,0,23,0,23,17,0,0,0,20,0,0,0,0,0,0,0
1,list-manage.com,3,1671113474538,3,0,0,0,0,3,0,3,0,3,1,0,0,0,3,0,0,0,1,0,0,0
1,springer.com,10,1671113476172,10,0,0,0,0,10,0,10,0,10,5,0,0,0,8,0,0,0,0,0,0,0
1,wp.com,32,1671113478548,32,0,0,0,0,32,0,32,0,32,26,0,0,0,28,0,0,0,0,0,0,0
1,wix.com,25,1671113482534,25,0,0,0,0,25,0,25,0,25,20,0,0,0,22,0,0,0,0,0,0,0
1,slideshare.net,15,1671113486821,15,0,0,0,0,15,0,15,0,15,10,0,0,0,12,0,0,0,0,0,0,0
1,cpanel.net,18,1671113489967,18,0,0,0,0,18,0,18,0,18,17,0,0,0,18,0,0,0,0,0,0,0
1,nasa.gov,23,1671113496702,23,0,0,0,0,23,0,23,0,23,17,0,0,0,20,0,0,0,0,0,0,0
1,cnbc.com,72,1671113500611,72,0,0,0,0,72,0,72,0,72,58,0,0,0,60,0,0,0,0,0,0,0
1,outlook.com,17,1671113513023,17,0,0,0,0,17,0,17,0,17,12,0,0,0,15,0,0,0,0,0,0,0
1,time.com,79,1671113516658,79,0,0,0,0,79,0,79,0,79,73,0,0,0,75,0,0,0,0,0,0,0
1,g.page,4,1671113545447,4,0,0,0,0,4,0,4,0,4,0,0,0,0,4,0,0,0,0,0,0,0
1,google.com,10,1671113546039,10,0,0,0,0,10,0,10,0,10,9,0,0,0,9,0,0,0,0,0,0,0
1,telegraph.co.uk,55,1671113548663,55,0,0,0,0,55,0,55,0,55,47,0,0,0,50,0,0,0,0,0,0,0
1,usatoday.com,51,1671113562703,51,0,0,0,0,51,0,51,0,51,40,0,0,0,42,0,0,0,0,0,0,0
1,windows.microsoft.com,98,1671113568186,98,0,0,0,0,98,0,98,0,98,89,0,0,0,90,0,0,0,0,0,0,0
1,npr.org,41,1671113590861,41,0,0,0,0,41,0,41,7,34,33,0,0,0,37,0,0,0,0,0,0,0
1,ancomunn.co.uk,16,1671113610159,16,0,0,0,0,16,0,16,0,16,12,0,0,0,13,0,0,0,0,0,0,0
1,wired.com,98,1671113613814,98,0,0,0,0,98,0,98,0,98,79,0,0,0,81,0,0,0,1,0,0,0
1,beian.gov.cn,2,1671113623748,2,0,0,0,0,2,0,2,0,2,2,0,0,0,2,0,0,0,0,0,0,0
1,cloudfront.net,0,1671113624050,0,0,0,0,0,0,0,0,0,0,0,0,0,0,0,0,0,0,0,0,0,0
1,blogger.com,16,1671113624231,16,0,0,0,0,16,0,16,0,16,6,0,0,0,13,0,0,0,0,0,0,0
1,hp.com,25,1671113627065,24,1,0,0,0,24,0,24,0,24,18,0,0,0,19,0,0,0,0,0,0,0
1,amzn.to,69,1671113630897,69,0,0,0,0,69,0,69,0,69,59,0,0,0,63,0,0,0,0,0,0,0
1,mysql.com,25,1671113656585,25,0,0,0,0,25,0,25,0,25,22,0,0,0,24,0,0,0,0,0,0,0
1,unsplash.com,25,1671113659626,25,0,0,0,0,25,0,25,0,25,20,0,0,0,21,0,0,0,0,0,0,0
1,statista.com,19,1671113664113,19,0,0,0,0,19,0,19,0,19,15,0,0,0,17,0,0,0,0,0,0,0
1,i0.wp.com,2,1671113667585,2,0,0,0,0,2,0,2,0,2,0,0,0,0,1,0,0,0,0,0,0,0
1,myspace.com,25,1671113668784,25,0,0,0,0,25,0,25,0,25,21,0,0,0,22,0,0,0,0,0,0,0
1,googleusercontent.com,0,1671113678857,0,0,0,0,0,0,0,0,0,0,0,0,0,0,0,0,0,0,0,0,0,0
1,bp.blogspot.com,0,1671113679110,0,0,0,0,0,0,0,0,0,0,0,0,0,0,0,0,0,0,0,0,0,0
1,aol.com,49,1671113679277,49,0,0,0,0,49,0,49,0,49,40,0,0,0,42,0,0,0,0,0,0,0
1,loc.gov,6,1671113693796,6,0,0,0,0,6,0,6,0,6,4,0,0,0,5,0,0,0,0,0,0,0
1,independent.co.uk,29,1671113697081,29,0,0,0,0,29,0,29,0,29,24,0,0,0,26,0,0,0,0,0,0,0
1,webmd.com,33,1671113700871,33,0,0,0,0,33,0,33,0,33,27,0,0,0,29,0,0,0,0,0,0,0
1,commons.wikimedia.org,11,1671113711163,11,0,0,0,0,11,0,11,0,11,9,0,0,0,11,0,0,0,0,0,0,0
1,gc.ca,10,1671113714674,10,0,0,0,0,10,0,10,0,10,7,0,0,0,9,0,0,0,0,0,0,0
1,etsy.com,14,1671113716745,14,0,0,0,0,14,0,14,0,14,10,0,0,0,13,0,0,0,0,0,0,0
1,huffingtonpost.com,68,1671113721692,68,0,0,0,0,68,0,68,0,68,54,0,0,0,56,0,0,0,0,0,0,0
1,debian.org,9,1671113742046,9,0,0,0,0,9,0,9,0,9,7,0,0,0,9,0,0,0,0,0,0,0
1,ft.com,12,1671113744474,12,0,0,0,0,12,0,12,0,12,11,0,0,0,12,0,0,0,0,0,0,0
1,behance.net,11,1671113750700,11,0,0,0,0,11,0,11,0,11,7,0,0,0,10,0,0,0,0,0,0,0
1,ietf.org,9,1671113752460,9,0,0,0,0,9,0,9,0,9,6,0,0,0,8,0,0,0,0,0,0,0
1,imgur.com,40,1671113755029,40,0,0,0,0,40,0,40,0,40,31,0,0,0,33,0,0,0,0,0,0,0
1,amazon.co.uk,64,1671113760664,64,0,0,0,0,64,0,64,0,64,44,0,0,0,46,0,0,0,0,0,0,0
1,cbsnews.com,33,1671113776567,33,0,0,0,0,33,0,33,0,33,26,0,0,0,28,0,0,0,0,0,0,0
1,domainmarket.com,16,1671113779077,16,0,0,0,0,16,0,16,0,16,11,0,0,0,12,0,0,0,0,0,0,0
1,prnewswire.com,15,1671113782826,15,0,0,0,0,15,0,15,0,15,11,0,0,0,14,0,0,0,0,0,0,0
1,sina.com.cn,81,1671113785356,81,0,0,0,0,81,0,81,0,81,70,0,0,0,72,0,0,0,0,0,0,0
1,yelp.com,35,1671113803718,35,0,0,0,0,35,0,35,0,35,28,0,0,0,30,0,0,0,0,0,0,0
1,cornell.edu,30,1671113810608,30,0,0,0,0,30,0,30,0,30,26,0,0,0,28,0,0,0,0,0,0,0
1,twitch.tv,29,1671113814824,29,0,0,0,0,29,0,29,0,29,22,0,0,0,25,0,0,0,0,0,0,0
1,theverge.com,50,1671113825947,50,0,0,0,0,50,0,50,0,50,42,0,0,0,45,0,0,0,0,0,0,0
1,linktr.ee,11,1671113834563,11,0,0,0,0,11,0,11,0,11,11,0,0,0,11,0,0,0,0,0,0,0
1,free.fr,0,1671113838752,0,0,0,0,0,0,0,0,0,0,0,0,0,0,0,0,0,0,0,0,0,0
1,linktr.ee,10,1671113838810,10,0,0,0,0,10,0,10,0,10,10,0,0,0,10,0,0,0,0,0,0,0
1,linktr.ee,8,1671113843561,8,0,0,0,0,8,0,8,0,8,8,0,0,0,8,0,0,0,0,0,0,0
1,stackoverflow.com,0,1671113847607,0,0,0,0,0,0,0,0,0,0,0,0,0,0,0,0,0,0,0,0,0,0
1,linktr.ee,9,1671113847774,9,0,0,0,0,9,0,9,0,9,9,0,0,0,9,0,0,0,0,0,0,0
1,dailymotion.com,0,1671113852833,0,0,0,0,0,0,0,0,0,0,0,0,0,0,0,0,0,0,0,0,0,0
1,linktr.ee,14,1671113853028,14,0,0,0,0,14,0,14,0,14,12,0,0,0,12,0,0,0,0,0,0,0
1,linktr.ee,62,1671113856827,62,0,0,0,0,62,0,62,0,62,59,0,0,0,62,0,0,0,0,0,0,0
1,tandfonline.com,11,1671113872911,11,0,0,0,0,11,0,11,0,11,7,0,0,0,9,0,0,0,0,0,0,0
1,theatlantic.com,46,1671113874337,46,0,0,0,0,46,0,46,0,46,39,0,0,0,43,0,0,0,0,0,0,0
1,squarespace.com,37,1671113881346,37,0,0,0,0,37,0,37,0,37,26,0,0,0,29,0,0,0,0,0,0,0
1,telegram.me,15,1671113889758,15,0,0,0,0,15,0,15,0,15,11,0,0,0,13,0,0,0,0,0,0,0
1,google.com,18,1671113892122,18,0,0,0,0,18,0,18,0,18,14,0,0,0,16,0,0,0,0,0,0,0
1,facebook.com,8,1671113893913,8,0,0,0,0,8,0,8,0,8,4,0,0,0,6,0,0,0,0,0,0,0
1,youtube.com,33,1671113895739,33,0,0,0,0,33,0,33,0,33,27,0,0,0,29,0,0,0,0,0,0,0
1,twitter.com,29,1671113898534,29,0,0,0,0,29,5,24,0,29,26,0,0,0,27,0,0,0,0,0,0,0
1,instagram.com,16,1671113902842,16,0,0,0,0,16,0,16,0,16,16,0,0,0,16,0,0,0,0,0,0,0
1,linkedin.com,13,1671113905145,13,0,0,0,0,13,0,13,0,13,12,0,0,0,13,0,0,0,0,0,0,0
1,apple.com,7,1671113907041,7,0,0,0,0,7,0,7,6,1,6,0,0,0,7,0,0,0,0,0,0,0
1,microsoft.com,17,1671113911863,17,0,0,0,0,17,0,17,0,17,11,0,0,0,14,0,0,0,0,0,0,0
1,wikipedia.org,7,1671113915791,7,0,0,0,0,7,0,7,0,7,5,0,0,0,6,0,0,0,0,0,0,0
1,googletagmanager.com,3,1671113917723,3,0,0,0,0,3,0,3,0,3,1,0,0,0,2,0,0,0,0,0,0,0
1,wordpress.org,16,1671113919809,16,0,0,0,0,16,0,16,0,16,13,0,0,0,14,0,0,0,0,0,0,0
1,youtu.be,33,1671113922699,33,0,0,0,0,33,0,33,0,33,24,0,0,0,27,0,0,0,0,0,0,0
1,pinterest.com,35,1671113927158,35,0,0,0,0,35,0,35,0,35,28,0,0,0,29,0,0,0,0,0,0,0
1,play.google.com,25,1671113935244,25,0,0,0,0,25,0,25,0,25,18,0,0,0,21,0,0,0,0,0,0,0
1,github.com,11,1671113940240,11,0,0,0,0,11,0,11,0,11,7,0,0,0,8,0,0,0,0,0,0,0
1,vimeo.com,18,1671113942983,18,0,0,0,0,18,0,18,0,18,15,0,0,0,16,0,0,0,0,0,0,0
1,maps.google.com,3,1671113945378,3,0,0,0,0,3,0,3,0,3,0,0,0,0,3,0,0,0,0,0,0,0
1,google.com,24,1671113945714,24,0,0,0,0,24,0,24,0,24,18,0,0,0,18,0,0,0,0,0,0,0
1,goo.gl,12,1671113947881,12,0,0,0,0,12,0,12,0,12,11,0,0,0,11,0,0,0,0,0,0,0
1,plus.google.com,3,1671113951810,3,0,0,0,0,3,0,3,0,3,0,0,0,0,3,0,0,0,0,0,0,0
1,accounts.google.com,15,1671113952104,15,0,0,0,0,15,0,15,0,15,14,0,0,0,14,0,0,0,0,0,0,0
1,bit.ly,16,1671113953770,16,0,0,0,0,16,0,16,1,15,12,0,0,0,14,0,0,0,0,0,0,0
1,adobe.com,18,1671113955889,18,0,0,0,0,18,0,18,0,18,12,0,0,0,17,0,0,0,0,0,0,0
1,accounts.google.com,12,1671113958706,12,0,0,0,0,12,0,12,0,12,12,0,0,0,12,0,0,0,0,0,0,0
1,wordpress.com,23,1671113960347,23,0,0,0,0,23,0,23,0,23,19,0,0,0,20,0,0,0,0,0,0,0
1,blogspot.com,7,1671113963433,7,0,0,0,0,7,0,7,0,7,0,0,0,0,7,0,0,0,0,0,0,0
1,blogger.com,6,1671113963994,6,0,0,0,0,6,0,6,0,6,4,0,0,0,4,0,0,0,0,0,0,0
1,amazon.com,33,1671113966117,33,0,0,0,0,33,0,33,0,33,26,0,0,0,28,0,0,0,0,0,0,0
1,itunes.apple.com,8,1671113981239,8,0,0,0,0,8,0,8,5,3,6,0,0,0,8,0,0,0,0,0,0,0
1,mozilla.org,14,1671113983892,14,0,0,0,0,14,0,14,0,14,9,0,0,0,13,0,0,0,0,0,0,0
1,macromedia.com,1,1671113985731,1,0,0,0,0,1,0,1,0,1,1,0,0,0,1,0,0,0,0,0,0,0
1,apps.apple.com,17,1671113995754,17,0,0,0,0,17,0,17,16,1,14,0,0,0,15,0,0,0,0,0,0,0
1,drive.google.com,3,1671113997557,3,0,0,0,0,3,0,3,0,3,0,0,0,0,3,0,0,0,0,0,0,0
1,google.com,7,1671113997776,7,0,0,0,0,7,0,7,0,7,5,0,0,0,5,0,0,0,0,0,0,0
1,yahoo.com,35,1671114000694,35,0,0,0,0,35,0,35,0,35,26,0,0,0,29,0,0,0,0,0,0,0
1,whatsapp.com,2,1671114009522,2,0,0,0,0,2,0,2,0,2,2,0,0,0,2,0,0,0,0,0,0,0
1,tumblr.com,2,1671114012104,2,0,0,0,0,2,0,2,0,2,0,0,0,0,2,0,0,0,0,0,0,0
1,tumblr.com,21,1671114013129,21,0,0,0,0,21,0,21,0,21,18,0,0,0,18,0,0,0,0,0,0,0
1,europa.eu,26,1671114017591,26,0,0,0,0,26,0,26,0,26,23,0,0,0,26,0,0,0,0,0,0,0
1,api.whatsapp.com,10,1671114020179,10,0,0,0,0,10,0,10,0,10,7,0,0,0,8,0,0,0,0,0,0,0
1,flickr.com,38,1671114030178,38,0,0,0,0,38,0,38,0,38,30,0,0,0,31,0,0,0,0,0,0,0
1,reddit.com,101,1671114034535,101,0,0,0,0,101,0,101,0,101,92,0,0,0,95,0,0,0,0,0,0,0
1,gravatar.com,12,1671114053461,12,0,0,0,0,12,0,12,0,12,8,0,0,0,10,0,0,0,0,0,0,0
1,nih.gov,13,1671114055637,13,0,0,0,0,13,0,13,0,13,9,0,0,0,11,0,0,0,0,0,0,0
1,policies.google.com,13,1671114058669,13,0,0,0,0,13,0,13,0,13,9,0,0,0,10,0,0,0,0,0,0,0
1,nytimes.com,45,1671114060617,45,0,0,0,0,45,0,45,0,45,39,0,0,0,41,0,0,0,0,0,0,0
1,amazonaws.com,1,1671114067869,1,0,0,0,0,1,0,1,0,1,1,0,0,0,1,0,0,0,0,0,0,0
1,apache.org,14,1671114068039,14,0,0,0,0,14,0,14,0,14,8,0,0,0,9,0,0,0,0,0,0,0
1,github.io,11,1671114071269,11,0,0,0,0,11,0,11,0,11,9,0,0,0,11,0,0,0,0,0,0,0
1,sites.google.com,20,1671114074397,20,0,0,0,0,20,0,20,0,20,17,0,0,0,20,0,0,0,0,0,0,0
1,soundcloud.com,28,1671114076995,28,0,0,0,0,28,0,28,0,28,25,0,0,0,25,0,0,0,0,0,0,0
1,t.co,4,1671114081583,4,0,0,0,0,4,0,4,0,4,2,0,0,0,3,0,0,0,0,0,0,0
1,medium.com,11,1671114082934,11,0,0,0,0,11,0,11,0,11,7,0,0,0,8,0,0,0,0,0,0,0
1,w3.org,7,1671114085195,7,0,0,0,0,7,0,7,0,7,7,0,0,0,7,0,0,0,0,0,0,0
1,support.apple.com,9,1671114087893,9,0,0,0,0,9,0,9,9,0,8,0,0,0,9,0,0,0,0,0,0,0
1,forbes.com,40,1671114091212,40,0,0,0,0,40,0,40,2,38,36,0,0,0,39,0,0,0,0,0,0,0
1,baidu.com,14,1671114104653,14,0,0,0,0,14,0,14,0,14,11,0,0,0,13,0,0,0,0,0,0,0
1,zoom.us,65,1671114110279,65,0,0,0,0,65,0,65,0,65,56,0,0,0,59,0,0,0,0,0,0,0
1,cloudflare.com,38,1671114124248,38,0,0,0,0,38,0,38,0,38,33,0,0,0,35,0,0,0,0,0,0,0
1,t.me,19,1671114128993,19,0,0,0,0,19,0,19,0,19,14,0,0,0,16,0,0,0,0,0,0,0
1,ncbi.nlm.nih.gov,18,1671114131792,18,0,0,0,0,18,0,18,0,18,17,0,0,0,18,0,0,0,0,0,0,0
1,archive.org,14,1671114134480,14,0,0,0,0,14,0,14,0,14,12,0,0,0,13,0,0,0,0,0,0,0
1,theguardian.com,30,1671114138844,30,0,0,0,0,30,0,30,0,30,27,0,0,0,29,0,0,0,0,0,0,0
1,creativecommons.org,13,1671114149684,13,0,0,0,0,13,0,13,0,13,11,0,0,0,12,0,0,0,0,0,0,0
1,sourceforge.net,16,1671114153622,16,0,0,0,0,16,0,16,0,16,13,0,0,0,14,0,0,0,0,0,0,0
1,cnn.com,46,1671114157774,46,0,0,0,0,46,0,46,0,46,42,0,0,0,44,0,0,0,0,0,0,0
1,wa.me,7,1671114167861,7,0,0,0,0,7,0,7,0,7,5,0,0,0,7,0,0,0,0,0,0,0
1,open.spotify.com,60,1671114177809,60,0,0,0,0,60,0,60,0,60,50,0,0,0,53,0,0,0,0,0,0,0
1,wixsite.com,0,1671114190463,0,0,0,0,0,0,0,0,0,0,0,0,0,0,0,0,0,0,0,0,0,0
1,office.com,14,1671114190758,14,0,0,0,0,14,0,14,0,14,11,0,0,0,11,0,0,0,0,0,0,0
1,paypal.com,34,1671114194201,34,0,0,0,0,34,0,34,12,22,26,0,0,0,30,0,0,0,0,0,0,0
1,tiktok.com,4,1671114206106,4,0,0,0,0,4,0,4,0,4,1,0,0,0,3,0,0,0,0,0,0,0
1,tiktok.com,18,1671114207629,18,0,0,0,0,18,0,18,0,18,17,0,0,0,17,0,0,0,0,0,0,0
1,issuu.com,24,1671114214017,24,0,0,0,0,24,0,24,0,24,22,0,0,0,23,0,0,0,0,0,0,0
1,weebly.com,50,1671114222406,50,0,0,0,0,50,0,50,0,50,39,0,0,0,45,0,0,0,0,0,0,0
1,bbc.com,27,1671114231765,27,0,0,0,0,27,0,27,0,27,20,0,0,0,22,0,0,0,0,0,0,0
1,vk.com,17,1671114235768,17,0,0,0,0,17,0,17,0,17,12,0,0,0,13,0,0,0,0,0,0,0
1,httpd.apache.org,8,1671114239960,8,0,0,0,0,8,0,8,0,8,7,0,0,0,8,0,0,0,0,0,0,0
1,nginx.org,3,1671114241360,3,0,0,0,0,3,0,3,0,3,2,0,0,0,3,0,0,0,0,0,0,0
1,tinyurl.com,9,1671114242589,9,0,0,0,0,9,0,9,0,9,6,0,0,0,7,0,0,0,0,0,0,0
1,opera.com,17,1671114243990,17,0,0,0,0,17,0,17,0,17,13,0,0,0,15,0,0,0,0,0,0,0
1,reuters.com,58,1671114246487,58,0,0,0,0,58,0,58,0,58,54,0,0,0,56,0,0,0,0,0,0,0
1,washingtonpost.com,48,1671114260938,48,0,0,0,0,48,0,48,13,35,40,0,0,0,43,0,0,0,0,0,0,0
1,nginx.com,30,1671114275444,30,0,0,0,0,30,0,30,0,30,21,0,0,0,24,0,0,0,1,0,0,0
1,bloomberg.com,17,1671114282973,17,0,0,0,0,17,0,17,1,16,14,0,0,0,17,0,0,0,0,0,0,0
1,imdb.com,29,1671114285105,29,0,0,0,0,29,0,29,0,29,24,0,0,0,26,0,0,0,0,0,0,0
1,harvard.edu,17,1671114292243,17,0,0,0,0,17,0,17,0,17,14,0,0,0,15,0,0,0,0,0,0,0
1,php.net,6,1671114295531,6,0,0,0,0,6,0,6,0,6,3,0,0,0,5,0,0,0,0,0,0,0
1,mit.edu,13,1671114298032,13,0,0,0,0,13,0,13,0,13,10,0,0,0,12,0,0,0,0,0,0,0
1,accounts.google.com,14,1671114301001,14,0,0,0,0,14,0,14,0,14,9,0,0,0,12,0,0,0,0,0,0,0
1,doi.org,6,1671114303326,6,0,0,0,0,6,0,6,0,6,3,0,0,0,5,0,0,0,0,0,0,0
1,wsj.com,53,1671114304939,52,1,0,0,0,52,0,52,0,52,43,0,0,0,48,0,0,0,0,0,0,0
1,bing.com,42,1671114325124,42,0,0,0,0,42,0,42,0,42,31,0,0,0,36,0,0,0,0,0,0,0
1,msn.com,18,1671114339162,18,0,0,0,0,18,0,18,0,18,15,0,0,0,16,0,0,0,0,0,0,0
1,un.org,12,1671114340775,12,0,0,0,0,12,0,12,0,12,10,0,0,0,11,0,0,0,0,0,0,0
1,gnu.org,6,1671114350820,6,0,0,0,0,6,0,6,0,6,4,0,0,0,6,0,0,0,0,0,0,0
1,businessinsider.com,31,1671114353112,31,0,0,0,0,31,0,31,0,31,22,0,0,0,26,0,0,0,0,0,0,0
1,researchgate.net,27,1671114360906,27,0,0,0,0,27,0,27,0,27,22,0,0,0,24,0,0,0,0,0,0,0
1,wpa.qq.com,1,1671114365628,1,0,0,0,0,1,0,1,0,1,0,0,0,0,1,0,0,0,0,0,0,0
1,ibm.com,13,1671114368084,13,0,0,0,0,13,0,13,0,13,8,0,0,0,12,0,0,0,1,0,0,0
1,springer.com,10,1671114380833,10,0,0,0,0,10,0,10,0,10,6,0,0,0,8,0,0,0,0,0,0,0
1,wp.com,22,1671114383459,22,0,0,0,0,22,0,22,0,22,20,0,0,0,21,0,0,0,0,0,0,0
1,wix.com,19,1671114387758,19,0,0,0,0,19,0,19,0,19,16,0,0,0,18,0,0,0,0,0,0,0
1,slideshare.net,15,1671114393661,15,0,0,0,0,15,0,15,0,15,14,0,0,0,15,0,0,0,0,0,0,0
1,cpanel.net,17,1671114397038,17,0,0,0,0,17,0,17,0,17,15,0,0,0,16,0,0,0,0,0,0,0
1,nasa.gov,19,1671114401183,19,0,0,0,0,19,0,19,0,19,16,0,0,0,17,0,0,0,0,0,0,0
1,cnbc.com,47,1671114406005,47,0,0,0,0,47,0,47,0,47,38,0,0,0,40,0,0,0,0,0,0,0
1,outlook.com,13,1671114418904,13,0,0,0,0,13,0,13,0,13,10,0,0,0,13,0,0,0,0,0,0,0
1,time.com,40,1671114422649,40,0,0,0,0,40,0,40,0,40,37,0,0,0,38,0,0,0,0,0,0,0
1,dailymail.co.uk,19,1671114439584,19,0,0,0,0,19,0,19,0,19,15,0,0,0,17,0,0,0,0,0,0,0
1,g.page,4,1671114453615,4,0,0,0,0,4,0,4,0,4,0,0,0,0,4,0,0,0,0,0,0,0
1,google.com,12,1671114454133,12,0,0,0,0,12,0,12,0,12,12,0,0,0,12,0,0,0,0,0,0,0
1,telegraph.co.uk,44,1671114456972,44,0,0,0,0,44,0,44,0,44,42,0,0,0,44,0,0,0,0,0,0,0
1,usatoday.com,24,1671114470471,24,0,0,0,0,24,0,24,0,24,18,0,0,0,22,0,0,0,0,0,0,0
1,microsoft.com,21,1671114483948,21,0,0,0,0,21,0,21,0,21,19,0,0,0,19,0,0,0,0,0,0,0
1,cnet.com,54,1671114488492,54,0,0,0,0,54,0,54,0,54,48,0,0,0,50,0,0,0,0,0,0,0
1,npr.org,54,1671114502724,54,0,0,0,0,54,0,54,5,49,43,0,0,0,47,0,0,0,0,0,0,0
1,ancomunn.co.uk,12,1671114522290,12,0,0,0,0,12,0,12,0,12,10,0,0,0,11,0,0,0,0,0,0,0
1,wired.com,29,1671114527048,29,0,0,0,0,29,0,29,0,29,26,0,0,0,27,0,0,0,0,0,0,0
1,beian.gov.cn,5,1671114537083,5,0,0,0,0,5,0,5,0,5,0,0,0,0,5,0,0,0,0,0,0,0
1,blogger.com,7,1671114539210,7,0,0,0,0,7,0,7,0,7,4,0,0,0,4,0,0,0,0,0,0,0
1,hp.com,2,1671114542517,1,1,0,0,0,1,0,1,0,1,0,0,0,0,1,0,0,0,0,0,0,0
1,hp.com,15,1671114547067,15,0,0,0,0,15,0,15,0,15,11,0,0,0,11,0,0,0,0,0,0,0
1,amzn.to,62,1671114550341,62,0,0,0,0,62,0,62,0,62,54,0,0,0,58,0,0,0,0,0,0,0
1,unsplash.com,19,1671114585082,19,0,0,0,0,19,0,19,0,19,16,0,0,0,17,0,0,0,0,0,0,0
1,statista.com,16,1671114590401,16,0,0,0,0,16,0,16,0,16,11,0,0,0,13,0,0,0,0,0,0,0
1,i0.wp.com,2,1671114595461,2,0,0,0,0,2,0,2,0,2,0,0,0,0,1,0,0,0,0,0,0,0
1,myspace.com,16,1671114596788,16,0,0,0,0,16,0,16,0,16,12,0,0,0,13,0,0,0,0,0,0,0
1,googleusercontent.com,1,1671114606924,1,0,0,0,0,1,0,1,0,1,0,0,0,0,0,0,0,0,0,0,0,0
1,bp.blogspot.com,0,1671114607364,0,0,0,0,0,0,0,0,0,0,0,0,0,0,0,0,0,0,0,0,0,0
1,aol.com,27,1671114608042,27,0,0,0,0,27,0,27,0,27,22,0,0,0,24,0,0,0,0,0,0,0
1,berkeley.edu,11,1671114618309,11,0,0,0,0,11,0,11,0,11,7,0,0,0,8,0,0,0,0,0,0,0
1,loc.gov,7,1671114621905,7,0,0,0,0,7,0,7,0,7,5,0,0,0,6,0,0,0,0,0,0,0
1,independent.co.uk,42,1671114625163,42,0,0,0,0,42,0,42,0,42,37,0,0,0,40,0,0,0,0,0,0,0
1,commons.wikimedia.org,8,1671114640401,8,0,0,0,0,8,0,8,0,8,7,0,0,0,8,0,0,0,0,0,0,0
1,gc.ca,10,1671114645702,10,0,0,0,0,10,0,10,0,10,6,0,0,0,8,0,0,0,0,0,0,0
1,etsy.com,22,1671114648010,22,0,0,0,0,22,0,22,0,22,16,0,0,0,19,0,0,0,0,0,0,0
1,huffingtonpost.com,35,1671114653484,35,0,0,0,0,35,0,35,0,35,31,0,0,0,34,0,0,0,0,0,0,0
1,ft.com,23,1671114677865,23,0,0,0,0,23,0,23,0,23,15,0,0,0,19,0,0,0,0,0,0,0
1,ietf.org,9,1671114685471,9,0,0,0,0,9,0,9,0,9,6,0,0,0,8,0,0,0,0,0,0,0
1,imgur.com,16,1671114688829,16,0,0,0,0,16,0,16,0,16,12,0,0,0,14,0,0,0,0,0,0,0
1,amazon.co.uk,62,1671114698951,62,0,0,0,0,62,0,62,0,62,55,0,0,0,57,0,0,0,0,0,0,0
1,prnewswire.com,11,1671114726042,11,0,0,0,0,11,0,11,0,11,7,0,0,0,9,0,0,0,0,0,0,0
1,sina.com.cn,65,1671114729871,65,0,0,0,0,65,0,65,0,65,52,0,0,0,57,0,0,0,0,0,0,0
1,cornell.edu,25,1671114755835,25,0,0,0,0,25,0,25,0,25,22,0,0,0,24,0,0,0,0,0,0,0
1,twitch.tv,63,1671114760491,63,0,0,0,0,63,0,63,0,63,51,0,0,0,56,0,0,0,0,0,0,0
1,oup.com,15,1671114785891,15,0,0,0,0,15,0,15,0,15,15,0,0,0,15,0,0,0,0,0,0,0
1,free.fr,12,1671114792775,12,0,0,0,0,12,0,12,0,12,8,0,0,0,11,0,0,0,0,0,0,0
1,ca.gov,15,1671114798000,15,0,0,0,0,15,0,15,0,15,9,0,0,0,12,0,0,0,0,0,0,0
1,stackoverflow.com,7,1671114801248,7,0,0,0,0,7,0,7,0,7,5,0,0,0,6,0,0,0,0,0,0,0
1,dailymotion.com,46,1671114804440,46,0,0,0,0,46,0,46,0,46,42,0,0,0,43,0,0,0,0,0,0,0
1,baike.baidu.com,43,1671114812140,43,0,0,0,0,43,0,43,0,43,39,0,0,0,40,0,0,0,0,0,0,0
1,tandfonline.com,26,1671114834721,26,0,0,0,0,26,0,26,0,26,18,0,0,0,20,0,0,0,0,0,0,0
1,theatlantic.com,54,1671114840654,54,0,0,0,0,54,0,54,0,54,45,0,0,0,48,0,0,0,0,0,0,0
1,squarespace.com,14,1671114849430,14,0,0,0,0,14,0,14,0,14,10,0,0,0,12,0,0,0,0,0,0,0
1,hugedomains.com,14,1671114857464,14,0,0,0,0,14,0,14,0,14,12,0,0,0,14,0,0,0,0,0,0,0
1,telegram.me,26,1671114863075,26,0,0,0,0,26,0,26,0,26,20,0,0,0,24,0,0,0,0,0,0,0
1,facebook.com,8,1671114868322,8,0,0,0,0,8,0,8,0,8,6,0,0,0,7,0,0,0,0,0,0,0
1,youtube.com,23,1671114870851,23,0,0,0,0,23,0,23,0,23,22,0,0,0,23,0,0,0,0,0,0,0
1,twitter.com,44,1671114874673,44,0,0,0,0,44,4,40,0,44,41,0,0,0,42,0,0,0,0,0,0,0
1,linkedin.com,28,1671114882836,28,0,0,0,0,28,0,28,19,9,22,0,0,0,25,0,0,0,0,0,0,0
1,microsoft.com,21,1671114889074,21,0,0,0,0,21,0,21,0,21,14,0,0,0,18,0,0,0,0,0,0,0
1,googletagmanager.com,1,1671114895125,1,0,0,0,0,1,0,1,0,1,0,0,0,0,1,0,0,0,0,0,0,0
1,wordpress.org,16,1671114897219,16,0,0,0,0,16,0,16,0,16,13,0,0,0,14,0,0,0,0,0,0,0
1,youtu.be,14,1671114900296,14,0,0,0,0,14,0,14,0,14,12,0,0,0,14,0,0,0,0,0,0,0
1,en.wikipedia.org,8,1671114904686,8,0,0,0,0,8,0,8,0,8,6,0,0,0,8,0,0,0,0,0,0,0
1,pinterest.com,22,1671114907575,22,0,0,0,0,22,0,22,0,22,19,0,0,0,20,0,0,0,0,0,0,0
1,play.google.com,19,1671114918110,19,0,0,0,0,19,0,19,0,19,13,0,0,0,16,0,0,0,0,0,0,0
1,github.com,10,1671114922334,10,0,0,0,0,10,0,10,0,10,8,0,0,0,9,0,0,0,0,0,0,0
1,vimeo.com,13,1671114926134,13,0,0,0,0,13,0,13,0,13,11,0,0,0,12,0,0,0,0,0,0,0
1,maps.google.com,3,1671114928688,3,0,0,0,0,3,0,3,0,3,0,0,0,0,3,0,0,0,0,0,0,0
1,google.com,17,1671114929093,17,0,0,0,0,17,0,17,0,17,15,0,0,0,15,0,0,0,0,0,0,0
1,goo.gl,4,1671114931656,4,0,0,0,0,4,0,4,0,4,3,0,0,0,4,0,0,0,0,0,0,0
1,developers.googleblog.com,6,1671114935025,6,0,0,0,0,6,0,6,0,6,4,0,0,0,4,0,0,0,0,0,0,0
1,plus.google.com,3,1671114936752,3,0,0,0,0,3,0,3,0,3,0,0,0,0,3,0,0,0,0,0,0,0
1,accounts.google.com,10,1671114937144,10,0,0,0,0,10,0,10,0,10,10,0,0,0,10,0,0,0,0,0,0,0
1,bit.ly,14,1671114939411,14,0,0,0,0,14,0,14,1,13,9,0,0,0,12,0,0,0,0,0,0,0
1,adobe.com,14,1671114942285,14,0,0,0,0,14,0,14,0,14,11,0,0,0,14,0,0,0,0,0,0,0
1,accounts.google.com,11,1671114945931,11,0,0,0,0,11,0,11,0,11,11,0,0,0,11,0,0,0,0,0,0,0
1,wordpress.com,20,1671114947879,20,0,0,0,0,20,0,20,0,20,17,0,0,0,18,0,0,0,0,0,0,0
1,blogspot.com,7,1671114951444,7,0,0,0,0,7,0,7,0,7,0,0,0,0,7,0,0,0,0,0,0,0
1,blogger.com,5,1671114951982,5,0,0,0,0,5,0,5,0,5,5,0,0,0,5,0,0,0,0,0,0,0
1,amazon.com,38,1671114955559,38,0,0,0,0,38,0,38,4,34,32,0,0,0,36,0,0,0,0,0,0,0
1,mozilla.org,15,1671114980345,15,0,0,0,0,15,0,15,0,15,10,0,0,0,14,0,0,0,0,0,0,0
1,macromedia.com,1,1671114983068,1,0,0,0,0,1,0,1,0,1,1,0,0,0,1,0,0,0,0,0,0,0
1,apps.apple.com,10,1671114993077,10,0,0,0,0,10,0,10,10,0,7,0,0,0,10,0,0,0,0,0,0,0
1,drive.google.com,3,1671114995238,3,0,0,0,0,3,0,3,0,3,0,0,0,0,3,0,0,0,0,0,0,0
1,google.com,5,1671114995444,5,0,0,0,0,5,0,5,0,5,4,0,0,0,4,0,0,0,0,0,0,0
1,yahoo.com,28,1671114998616,28,0,0,0,0,28,0,28,0,28,23,0,0,0,25,0,0,0,0,0,0,0
1,whatsapp.com,9,1671115009340,9,0,0,0,0,9,0,9,0,9,7,0,0,0,7,0,0,0,0,0,0,0
1,tumblr.com,19,1671115011966,19,0,0,0,0,19,0,19,0,19,15,0,0,0,17,0,0,0,0,0,0,0
1,europa.eu,17,1671115016111,17,0,0,0,0,17,0,17,0,17,14,0,0,0,16,0,0,0,0,0,0,0
1,api.whatsapp.com,9,1671115018606,9,0,0,0,0,9,0,9,0,9,6,0,0,0,7,0,0,0,0,0,0,0
1,flickr.com,102,1671115028629,102,0,0,0,0,102,0,102,0,102,89,0,0,0,93,0,0,0,0,0,0,0
1,gravatar.com,12,1671115051131,12,0,0,0,0,12,0,12,0,12,7,0,0,0,9,0,0,0,0,0,0,0
1,nih.gov,15,1671115053566,15,0,0,0,0,15,0,15,0,15,12,0,0,0,14,0,0,0,0,0,0,0
1,policies.google.com,7,1671115056921,7,0,0,0,0,7,0,7,0,7,6,0,0,0,7,0,0,0,0,0,0,0
1,nytimes.com,27,1671115059128,27,0,0,0,0,27,0,27,0,27,23,0,0,0,25,0,0,0,0,0,0,0
1,amazonaws.com,1,1671115069865,1,0,0,0,0,1,0,1,0,1,1,0,0,0,1,0,0,0,0,0,0,0
1,apache.org,10,1671115070147,10,0,0,0,0,10,0,10,0,10,6,0,0,0,8,0,0,0,0,0,0,0
1,github.io,10,1671115074532,10,0,0,0,0,10,0,10,0,10,8,0,0,0,10,0,0,0,0,0,0,0
1,sites.google.com,13,1671115078745,13,0,0,0,0,13,0,13,0,13,10,0,0,0,13,0,0,0,0,0,0,0
1,soundcloud.com,21,1671115081877,21,0,0,0,0,21,0,21,0,21,20,0,0,0,20,0,0,0,0,0,0,0
1,medium.com,17,1671115087882,17,0,0,0,0,17,0,17,0,17,11,0,0,0,13,0,0,0,0,0,0,0
1,support.apple.com,9,1671115095152,9,0,0,0,0,9,0,9,9,0,6,0,0,0,8,0,0,0,0,0,0,0
1,forbes.com,22,1671115099272,22,0,0,0,0,22,0,22,1,21,19,0,0,0,21,0,0,0,0,0,0,0
1,baidu.com,16,1671115112321,16,0,0,0,0,16,0,16,0,16,11,0,0,0,13,0,0,0,0,0,0,0
1,zoom.us,52,1671115117986,52,0,0,0,0,52,0,52,1,51,43,0,0,0,48,0,0,0,0,0,0,0
1,cloudflare.com,19,1671115136633,19,0,0,0,0,19,0,19,0,19,14,0,0,0,17,0,0,0,0,0,0,0
1,ncbi.nlm.nih.gov,9,1671115141331,9,0,0,0,0,9,0,9,0,9,8,0,0,0,8,0,0,0,0,0,0,0
1,archive.org,12,1671115144497,12,0,0,0,0,12,0,12,0,12,9,0,0,0,10,0,0,0,0,0,0,0
1,theguardian.com,25,1671115152534,25,0,0,0,0,25,0,25,0,25,17,0,0,0,21,0,0,0,0,0,0,0
1,sourceforge.net,18,1671115165233,18,0,0,0,0,18,0,18,0,18,15,0,0,0,16,0,0,0,0,0,0,0
1,cnn.com,33,1671115168896,33,0,0,0,0,33,0,33,0,33,27,0,0,0,30,0,0,0,0,0,0,0
1,open.spotify.com,58,1671115188980,58,0,0,0,0,58,0,58,0,58,47,0,0,0,52,0,0,0,0,0,0,0
1,paypal.com,37,1671115212351,37,0,0,0,0,37,0,37,12,25,27,0,0,0,32,0,0,0,0,0,0,0
1,tiktok.com,4,1671115224471,4,0,0,0,0,4,0,4,0,4,1,0,0,0,3,0,0,0,0,0,0,0
1,tiktok.com,69,1671115226182,69,0,0,0,0,69,0,69,0,69,57,0,0,0,63,0,0,0,0,0,0,0
1,bbc.com,23,1671115252970,23,0,0,0,0,23,0,23,0,23,18,0,0,0,20,0,0,0,0,0,0,0
1,vk.com,10,1671115257276,10,0,0,0,0,10,0,10,0,10,9,0,0,0,10,0,0,0,0,0,0,0
1,httpd.apache.org,8,1671115260998,8,0,0,0,0,8,0,8,0,8,5,0,0,0,6,0,0,0,0,0,0,0
1,nginx.org,4,1671115262297,4,0,0,0,0,4,0,4,0,4,3,0,0,0,4,0,0,0,0,0,0,0
1,tinyurl.com,12,1671115263675,12,0,0,0,0,12,0,12,0,12,8,0,0,0,11,0,0,0,0,0,0,0
1,opera.com,46,1671115265985,46,0,0,0,0,46,0,46,0,46,43,0,0,0,44,0,0,0,0,0,0,0
1,washingtonpost.com,41,1671115284005,41,0,0,0,0,41,0,41,14,27,35,0,0,0,37,0,0,0,0,0,0,0
1,nginx.com,26,1671115299184,26,0,0,0,0,26,0,26,1,25,21,0,0,0,22,0,0,0,0,0,0,0
1,youtube-nocookie.com,6,1671115306416,6,0,0,0,0,6,0,6,0,6,4,0,0,0,5,0,0,0,1,0,0,0
1,bloomberg.com,17,1671115307842,17,0,0,0,0,17,0,17,1,16,13,0,0,0,16,0,0,0,0,0,0,0
1,imdb.com,20,1671115309608,20,0,0,0,0,20,0,20,0,20,16,0,0,0,18,0,0,0,0,0,0,0
1,harvard.edu,14,1671115317637,14,0,0,0,0,14,0,14,0,14,13,0,0,0,13,0,0,0,0,0,0,0
1,php.net,5,1671115322299,5,0,0,0,0,5,0,5,0,5,4,0,0,0,5,0,0,0,0,0,0,0
1,mit.edu,15,1671115325108,15,0,0,0,0,15,0,15,0,15,11,0,0,0,13,0,0,0,0,0,0,0
1,accounts.google.com,16,1671115328573,16,0,0,0,0,16,0,16,0,16,11,0,0,0,14,0,0,0,0,0,0,0
1,doi.org,5,1671115331872,5,0,0,0,0,5,0,5,0,5,2,0,0,0,4,0,0,0,0,0,0,0
1,wsj.com,11,1671115333522,11,0,0,0,0,11,0,11,0,11,8,0,0,0,10,0,0,0,0,0,0,0
1,weibo.com,23,1671115343585,22,1,0,0,0,22,0,22,0,22,18,0,0,0,20,0,0,0,0,0,0,0
1,wikimedia.org,3,1671115353595,3,0,0,0,0,3,0,3,0,3,3,0,0,0,3,0,0,0,0,0,0,0
1,bing.com,6,1671115357502,6,0,0,0,0,6,0,6,0,6,3,0,0,0,5,0,0,0,0,0,0,0
1,wiley.com,42,1671115358860,42,0,0,0,0,42,0,42,0,42,37,0,0,0,38,0,0,0,0,0,0,0
1,msn.com,23,1671115373641,23,0,0,0,0,23,0,23,0,23,18,0,0,0,20,0,0,0,0,0,0,0
1,gnu.org,7,1671115382096,7,0,0,0,0,7,0,7,0,7,4,0,0,0,6,0,0,0,0,0,0,0
1,businessinsider.com,9,1671115385111,9,0,0,0,0,9,0,9,0,9,7,0,0,0,9,0,0,0,0,0,0,0
1,stanford.edu,18,1671115386870,18,0,0,0,0,18,0,18,0,18,16,0,0,0,16,0,0,0,0,0,0,0
1,researchgate.net,23,1671115395784,23,0,0,0,0,23,0,23,0,23,21,0,0,0,23,0,0,0,0,0,0,0
1,wpa.qq.com,2,1671115401917,2,0,0,0,0,2,0,2,0,2,0,0,0,0,1,0,0,0,0,0,0,0
1,ibm.com,12,1671115404566,12,0,0,0,0,12,0,12,0,12,6,0,0,0,11,0,0,0,1,0,0,0
1,springer.com,8,1671115418545,8,0,0,0,0,8,0,8,0,8,4,0,0,0,7,0,0,0,0,0,0,0
1,wp.com,22,1671115421263,22,0,0,0,0,22,0,22,0,22,17,0,0,0,19,0,0,0,0,0,0,0
1,wix.com,21,1671115426053,21,0,0,0,0,21,0,21,0,21,17,0,0,0,19,0,0,0,0,0,0,0
1,cpanel.net,33,1671115434369,33,0,0,0,0,33,0,33,0,33,26,0,0,0,29,0,0,0,0,0,0,0
1,cnbc.com,12,1671115445968,12,0,0,0,0,12,0,12,0,12,9,0,0,0,11,0,0,0,0,0,0,0
1,go.com,46,1671115451059,46,0,0,0,0,46,0,46,0,46,44,0,0,0,44,0,0,0,0,0,0,0
1,outlook.com,15,1671115461102,15,0,0,0,0,15,0,15,0,15,12,0,0,0,15,0,0,0,0,0,0,0
1,time.com,37,1671115465656,37,0,0,0,0,37,0,37,0,37,33,0,0,0,35,0,0,0,0,0,0,0
1,dailymail.co.uk,25,1671115485732,25,0,0,0,0,25,0,25,0,25,22,0,0,0,23,0,0,0,0,0,0,0
1,g.page,4,1671115502718,4,0,0,0,0,4,0,4,0,4,0,0,0,0,4,0,0,0,0,0,0,0
1,google.com,8,1671115503170,8,0,0,0,0,8,0,8,0,8,7,0,0,0,7,0,0,0,0,0,0,0
1,telegraph.co.uk,29,1671115506561,29,0,0,0,0,29,0,29,0,29,25,0,0,0,27,0,0,0,0,0,0,0
1,usatoday.com,18,1671115520753,18,0,0,0,0,18,0,18,0,18,13,0,0,0,17,0,0,0,0,0,0,0
1,microsoft.com,7,1671115535926,7,0,0,0,0,7,0,7,0,7,7,0,0,0,7,0,0,0,0,0,0,0
1,cnet.com,19,1671115540813,19,0,0,0,0,19,0,19,0,19,16,0,0,0,19,0,0,0,0,0,0,0
1,npr.org,33,1671115554599,33,0,0,0,0,33,0,33,6,27,28,0,0,0,31,0,0,0,0,0,0,0
1,ancomunn.co.uk,17,1671115579165,17,0,0,0,0,17,0,17,0,17,14,0,0,0,15,0,0,0,0,0,0,0
1,wired.com,27,1671115588173,27,0,0,0,0,27,0,27,0,27,25,0,0,0,26,0,0,0,0,0,0,0
1,cloudfront.net,0,1671115601062,0,0,0,0,0,0,0,0,0,0,0,0,0,0,0,0,0,0,0,0,0,0
1,blogger.com,14,1671115601304,14,0,0,0,0,14,0,14,0,14,8,0,0,0,14,0,0,0,0,0,0,0
1,hp.com,17,1671115604649,16,1,0,0,0,16,0,16,0,16,12,0,0,0,13,0,0,0,0,0,0,0
1,amzn.to,30,1671115610258,30,0,0,0,0,30,0,30,0,30,25,0,0,0,29,0,0,0,0,0,0,0
1,mysql.com,21,1671115642701,21,0,0,0,0,21,0,21,0,21,18,0,0,0,20,0,0,0,0,0,0,0
1,unsplash.com,12,1671115645965,12,0,0,0,0,12,0,12,0,12,11,0,0,0,12,0,0,0,0,0,0,0
1,statista.com,11,1671115650494,11,0,0,0,0,11,0,11,0,11,9,0,0,0,11,0,0,0,0,0,0,0
1,i0.wp.com,3,1671115655164,3,0,0,0,0,3,0,3,0,3,1,0,0,0,2,0,0,0,0,0,0,0
1,myspace.com,10,1671115656680,10,0,0,0,0,10,0,10,0,10,8,0,0,0,9,0,0,0,0,0,0,0
1,googleusercontent.com,0,1671115666719,0,0,0,0,0,0,0,0,0,0,0,0,0,0,0,0,0,0,0,0,0,0
1,bp.blogspot.com,0,1671115666961,0,0,0,0,0,0,0,0,0,0,0,0,0,0,0,0,0,0,0,0,0,0
1,aol.com,33,1671115667163,33,0,0,0,0,33,0,33,0,33,27,0,0,0,31,0,0,0,0,0,0,0
1,loc.gov,6,1671115681927,6,0,0,0,0,6,0,6,0,6,3,0,0,0,4,0,0,0,0,0,0,0
1,independent.co.uk,19,1671115684351,19,0,0,0,0,19,0,19,0,19,16,0,0,0,19,0,0,0,0,0,0,0
1,webmd.com,18,1671115690157,18,0,0,0,0,18,0,18,0,18,14,0,0,0,17,0,0,0,0,0,0,0
1,gc.ca,11,1671115704384,11,0,0,0,0,11,0,11,0,11,10,0,0,0,11,0,0,0,0,0,0,0
1,etsy.com,7,1671115708713,7,0,0,0,0,7,0,7,0,7,4,0,0,0,6,0,0,0,0,0,0,0
1,validator.w3.org,11,1671115712198,11,0,0,0,0,11,0,11,0,11,11,0,0,0,11,0,0,0,0,0,0,0
1,huffingtonpost.com,31,1671115715214,31,0,0,0,0,31,0,31,0,31,28,0,0,0,31,0,0,0,0,0,0,0
1,ft.com,8,1671115738879,8,0,0,0,0,8,0,8,0,8,6,0,0,0,8,0,0,0,0,0,0,0
1,behance.net,21,1671115746482,21,0,0,0,0,21,0,21,0,21,15,0,0,0,19,0,0,0,0,0,0,0
1,imgur.com,55,1671115751002,55,0,0,0,0,55,0,55,0,55,46,0,0,0,50,0,0,0,0,0,0,0
1,domainmarket.com,13,1671115781827,13,0,0,0,0,13,0,13,0,13,10,0,0,0,12,0,0,0,0,0,0,0
1,prnewswire.com,8,1671115785873,8,0,0,0,0,8,0,8,0,8,6,0,0,0,8,0,0,0,0,0,0,0
1,sina.com.cn,45,1671115790000,45,0,0,0,0,45,0,45,0,45,42,0,0,0,44,0,0,0,0,0,0,0
1,yelp.com,31,1671115810711,31,0,0,0,0,31,0,31,0,31,25,0,0,0,28,0,0,0,0,0,0,0
1,cornell.edu,15,1671115820405,15,0,0,0,0,15,0,15,0,15,12,0,0,0,14,0,0,0,0,0,0,0
1,twitch.tv,69,1671115824565,69,0,0,0,0,69,0,69,0,69,59,0,0,0,66,0,0,0,0,0,0,0
1,free.fr,14,1671115855943,14,0,0,0,0,14,0,14,0,14,9,0,0,0,12,0,0,0,0,0,0,0
1,ca.gov,22,1671115862978,22,0,0,0,0,22,0,22,0,22,18,0,0,0,21,0,0,0,0,0,0,0
1,stackoverflow.com,7,1671115866715,7,0,0,0,0,7,0,7,0,7,5,0,0,0,6,0,0,0,0,0,0,0
1,dailymotion.com,22,1671115869487,22,0,0,0,0,22,0,22,0,22,19,0,0,0,21,0,0,0,0,0,0,0
1,baike.baidu.com,47,1671115876472,47,0,0,0,0,47,0,47,0,47,39,0,0,0,44,0,0,0,0,0,0,0
1,tandfonline.com,10,1671115899832,10,0,0,0,0,10,0,10,0,10,8,0,0,0,9,0,0,0,0,0,0,0
1,theatlantic.com,39,1671115901506,39,0,0,0,0,39,0,39,0,39,36,0,0,0,38,0,0,0,0,0,0,0
1,squarespace.com,34,1671115912670,34,0,0,0,0,34,0,34,0,34,27,0,0,0,30,0,0,0,0,0,0,0
1,telegram.me,11,1671115926990,11,0,0,0,0,11,0,11,0,11,8,0,0,0,10,0,0,0,0,0,0,0
1,google.com,16,1671115929630,16,0,0,0,0,16,0,16,0,16,11,0,0,0,13,0,0,0,0,0,0,0
1,facebook.com,7,1671115931576,7,0,0,0,0,7,0,7,0,7,5,0,0,0,7,0,0,0,0,0,0,0
1,youtube.com,20,1671115933687,20,0,0,0,0,20,0,20,0,20,16,0,0,0,18,0,0,0,0,0,0,0
1,twitter.com,17,1671115938076,17,0,0,0,0,17,5,12,0,17,14,0,0,0,14,0,0,0,0,0,0,0
1,instagram.com,14,1671115941405,14,0,0,0,0,14,0,14,0,14,13,0,0,0,14,0,0,0,0,0,0,0
1,linkedin.com,17,1671115946288,17,0,0,0,0,17,0,17,8,9,13,0,0,0,16,0,0,0,0,0,0,0
1,microsoft.com,12,1671115952659,12,0,0,0,0,12,0,12,0,12,7,0,0,0,10,0,0,0,0,0,0,0
1,wikipedia.org,7,1671115957492,7,0,0,0,0,7,0,7,0,7,3,0,0,0,5,0,0,0,0,0,0,0
1,googletagmanager.com,3,1671115959204,3,0,0,0,0,3,0,3,0,3,1,0,0,0,2,0,0,0,0,0,0,0
1,wordpress.org,15,1671115961352,15,0,0,0,0,15,0,15,0,15,12,0,0,0,13,0,0,0,0,0,0,0
1,youtu.be,22,1671115963990,22,0,0,0,0,22,0,22,0,22,15,0,0,0,19,0,0,0,0,0,0,0
1,pinterest.com,23,1671115968621,23,0,0,0,0,23,0,23,0,23,21,0,0,0,23,0,0,0,0,0,0,0
1,play.google.com,23,1671115980026,23,0,0,0,0,23,0,23,0,23,18,0,0,0,22,0,0,0,0,0,0,0
1,vimeo.com,8,1671115993199,8,0,0,0,0,8,0,8,0,8,6,0,0,0,7,0,0,0,0,0,0,0
1,maps.google.com,3,1671115995536,3,0,0,0,0,3,0,3,0,3,0,0,0,0,3,0,0,0,0,0,0,0
1,google.com,12,1671115995815,12,0,0,0,0,12,0,12,0,12,9,0,0,0,11,0,0,0,0,0,0,0
1,developers.googleblog.com,6,1671115999268,6,0,0,0,0,6,0,6,0,6,4,0,0,0,4,0,0,0,0,0,0,0
1,plus.google.com,3,1671116001122,3,0,0,0,0,3,0,3,0,3,0,0,0,0,3,0,0,0,0,0,0,0
1,accounts.google.com,9,1671116001368,9,0,0,0,0,9,0,9,0,9,8,0,0,0,8,0,0,0,0,0,0,0
1,bit.ly,13,1671116003476,13,0,0,0,0,13,0,13,1,12,11,0,0,0,13,0,0,0,0,0,0,0
1,adobe.com,20,1671116006185,20,0,0,0,0,20,0,20,0,20,17,0,0,0,20,0,0,0,0,0,0,0
1,wordpress.com,20,1671116013462,20,0,0,0,0,20,0,20,0,20,17,0,0,0,18,0,0,0,0,0,0,0
1,blogspot.com,7,1671116018389,7,0,0,0,0,7,0,7,0,7,1,0,0,0,7,0,0,0,0,0,0,0
1,blogger.com,7,1671116019011,7,0,0,0,0,7,0,7,0,7,6,0,0,0,6,0,0,0,0,0,0,0
1,amazon.com,20,1671116022271,20,0,0,0,0,20,0,20,6,14,15,0,0,0,19,0,0,0,0,0,0,0
1,mozilla.org,13,1671116047187,13,0,0,0,0,13,0,13,0,13,8,0,0,0,12,0,0,0,0,0,0,0
1,macromedia.com,1,1671116050420,1,0,0,0,0,1,0,1,0,1,1,0,0,0,1,0,0,0,0,0,0,0
1,apps.apple.com,8,1671116060460,8,0,0,0,0,8,0,8,7,1,4,0,0,0,7,0,0,0,0,0,0,0
1,drive.google.com,3,1671116062532,3,0,0,0,0,3,0,3,0,3,0,0,0,0,3,0,0,0,0,0,0,0
1,google.com,9,1671116062970,9,0,0,0,0,9,0,9,0,9,7,0,0,0,7,0,0,0,0,0,0,0
1,yahoo.com,19,1671116065754,19,0,0,0,0,19,0,19,0,19,15,0,0,0,17,0,0,0,0,0,0,0
1,whatsapp.com,3,1671116076820,3,0,0,0,0,3,0,3,0,3,3,0,0,0,3,0,0,0,0,0,0,0
1,tumblr.com,15,1671116079926,15,0,0,0,0,15,0,15,0,15,13,0,0,0,14,0,0,0,0,0,0,0
1,europa.eu,19,1671116087538,19,0,0,0,0,19,0,19,0,19,15,0,0,0,18,0,0,0,0,0,0,0
1,api.whatsapp.com,7,1671116090553,7,0,0,0,0,7,0,7,0,7,5,0,0,0,6,0,0,0,0,0,0,0
1,flickr.com,34,1671116100604,34,0,0,0,0,34,0,34,0,34,32,0,0,0,33,0,0,0,0,0,0,0
1,reddit.com,41,1671116107747,41,0,0,0,0,41,0,41,0,41,36,0,0,0,38,0,0,0,0,0,0,0
1,gravatar.com,10,1671116128897,10,0,0,0,0,10,0,10,0,10,8,0,0,0,10,0,0,0,0,0,0,0
1,nih.gov,10,1671116131240,10,0,0,0,0,10,0,10,0,10,6,0,0,0,8,0,0,0,0,0,0,0
1,policies.google.com,7,1671116134208,7,0,0,0,0,7,0,7,0,7,5,0,0,0,6,0,0,0,0,0,0,0
1,nytimes.com,24,1671116136337,24,0,0,0,0,24,0,24,0,24,21,0,0,0,23,0,0,0,0,0,0,0
1,amazonaws.com,1,1671116147183,1,0,0,0,0,1,0,1,0,1,1,0,0,0,1,0,0,0,0,0,0,0
1,apache.org,10,1671116147511,10,0,0,0,0,10,0,10,0,10,7,0,0,0,9,0,0,0,0,0,0,0
1,github.io,22,1671116152270,22,0,0,0,0,22,0,22,0,22,17,0,0,0,22,0,0,0,0,0,0,0
1,soundcloud.com,22,1671116158769,22,0,0,0,0,22,0,22,0,22,19,0,0,0,19,0,0,0,0,0,0,0
1,t.co,4,1671116165475,4,0,0,0,0,4,0,4,0,4,3,0,0,0,4,0,0,0,0,0,0,0
1,medium.com,12,1671116166744,12,0,0,0,0,12,0,12,0,12,9,0,0,0,11,0,0,0,0,0,0,0
1,support.apple.com,8,1671116174682,8,0,0,0,0,8,0,8,8,0,5,0,0,0,6,0,0,0,0,0,0,0
1,forbes.com,21,1671116178838,21,0,0,0,0,21,0,21,1,20,17,0,0,0,19,0,0,0,0,0,0,0
1,baidu.com,49,1671116193735,49,0,0,0,0,49,0,49,0,49,40,0,0,0,46,0,0,0,0,0,0,0
1,cloudflare.com,39,1671116220383,39,0,0,0,0,39,0,39,0,39,31,0,0,0,36,0,0,0,0,0,0,0
1,archive.org,16,1671116230631,16,0,0,0,0,16,0,16,0,16,14,0,0,0,15,0,0,0,0,0,0,0
1,theguardian.com,10,1671116238645,10,0,0,0,0,10,0,10,0,10,6,0,0,0,9,0,0,0,0,0,0,0
1,creativecommons.org,7,1671116248699,7,0,0,0,0,7,0,7,0,7,7,0,0,0,7,0,0,0,0,0,0,0
1,sourceforge.net,14,1671116253824,14,0,0,0,0,14,0,14,0,14,11,0,0,0,12,0,0,0,0,0,0,0
1,cnn.com,27,1671116257831,27,0,0,0,0,27,0,27,0,27,25,0,0,0,27,0,0,0,0,0,0,0
1,open.spotify.com,34,1671116277930,34,0,0,0,0,34,0,34,0,34,28,0,0,0,31,0,0,0,0,0,0,0
1,wixsite.com,0,1671116295226,0,0,0,0,0,0,0,0,0,0,0,0,0,0,0,0,0,0,0,0,0,0
1,office.com,12,1671116295506,12,0,0,0,0,12,0,12,0,12,9,0,0,0,10,0,0,0,0,0,0,0
1,paypal.com,15,1671116301053,15,0,0,0,0,15,0,15,7,8,11,0,0,0,14,0,0,0,0,0,0,0
1,bbc.co.uk,8,1671116305337,8,0,0,0,0,8,0,8,1,7,5,0,0,0,6,0,0,0,0,0,0,0
1,m.facebook.com,6,1671116311402,6,0,0,0,0,6,0,6,0,6,6,0,0,0,6,0,0,0,0,0,0,0
1,tiktok.com,37,1671116315164,37,0,0,0,0,37,0,37,0,37,34,0,0,0,37,0,0,0,0,0,0,0
1,sciencedirect.com,27,1671116346118,27,0,0,0,0,27,0,27,0,27,20,0,0,0,23,0,0,0,0,0,0,0
1,bbc.com,26,1671116352126,26,0,0,0,0,26,0,26,0,26,22,0,0,0,25,0,0,0,0,0,0,0
1,httpd.apache.org,9,1671116362903,9,0,0,0,0,9,0,9,0,9,7,0,0,0,8,0,0,0,0,0,0,0
1,nginx.org,4,1671116364675,4,0,0,0,0,4,0,4,0,4,2,0,0,0,3,0,0,0,0,0,0,0
1,tinyurl.com,7,1671116365824,7,0,0,0,0,7,0,7,0,7,5,0,0,0,7,0,0,0,0,0,0,0
1,opera.com,16,1671116367417,16,0,0,0,0,16,0,16,0,16,15,0,0,0,16,0,0,0,0,0,0,0
1,reuters.com,29,1671116371975,29,0,0,0,0,29,0,29,0,29,25,0,0,0,29,0,0,0,0,0,0,0
1,washingtonpost.com,27,1671116387702,27,0,0,0,0,27,0,27,7,20,23,0,0,0,26,0,0,0,0,0,0,0
1,nginx.com,21,1671116407861,21,0,0,0,0,21,0,21,1,20,19,0,0,0,21,0,0,0,0,0,0,0
1,youtube-nocookie.com,6,1671116417180,6,0,0,0,0,6,0,6,0,6,5,0,0,0,6,0,0,0,1,0,0,0
1,bloomberg.com,18,1671116418848,18,0,0,0,0,18,0,18,1,17,13,0,0,0,16,0,0,0,0,0,0,0
1,imdb.com,18,1671116420787,18,0,0,0,0,18,0,18,0,18,15,0,0,0,17,0,0,0,0,0,0,0
1,harvard.edu,16,1671116428966,16,0,0,0,0,16,0,16,0,16,14,0,0,0,15,0,0,0,0,0,0,0
1,php.net,5,1671116433501,5,0,0,0,0,5,0,5,0,5,2,0,0,0,4,0,0,0,0,0,0,0
1,mit.edu,14,1671116436013,14,0,0,0,0,14,0,14,0,14,10,0,0,0,13,0,0,0,0,0,0,0
1,accounts.google.com,11,1671116439842,11,0,0,0,0,11,0,11,0,11,6,0,0,0,9,0,0,0,0,0,0,0
1,doi.org,5,1671116442707,5,0,0,0,0,5,0,5,0,5,3,0,0,0,5,0,0,0,0,0,0,0
1,wsj.com,6,1671116444404,6,0,0,0,0,6,0,6,0,6,4,0,0,0,6,0,0,0,0,0,0,0
1,weibo.com,20,1671116454450,19,1,0,0,0,19,0,19,0,19,16,0,0,0,18,0,0,0,0,0,0,0
1,bing.com,6,1671116471328,6,0,0,0,0,6,0,6,0,6,3,0,0,0,5,0,0,0,0,0,0,0
1,wiley.com,14,1671116472778,14,0,0,0,0,14,0,14,0,14,11,0,0,0,12,0,0,0,0,0,0,0
1,nature.com,13,1671116482851,13,0,0,0,0,13,0,13,0,13,10,0,0,0,12,0,0,0,0,0,0,0
1,msn.com,12,1671116488060,12,0,0,0,0,12,0,12,0,12,10,0,0,0,11,0,0,0,0,0,0,0
1,un.org,10,1671116490285,10,0,0,0,0,10,0,10,0,10,8,0,0,0,9,0,0,0,0,0,0,0
1,gnu.org,7,1671116493619,7,0,0,0,0,7,0,7,0,7,4,0,0,0,6,0,0,0,0,0,0,0
1,businessinsider.com,21,1671116495937,21,0,0,0,0,21,0,21,0,21,15,0,0,0,19,0,0,0,0,0,0,0
1,researchgate.net,24,1671116505911,24,0,0,0,0,24,0,24,0,24,20,0,0,0,22,0,0,0,0,0,0,0
1,wpa.qq.com,2,1671116515943,2,0,0,0,0,2,0,2,0,2,0,0,0,0,1,0,0,0,0,0,0,0
1,ibm.com,14,1671116518660,14,0,0,0,0,14,0,14,0,14,7,0,0,0,12,0,0,0,1,0,0,0
1,springer.com,9,1671116534743,9,0,0,0,0,9,0,9,0,9,5,0,0,0,8,0,0,0,0,0,0,0
1,wp.com,36,1671116537427,36,0,0,0,0,36,0,36,0,36,29,0,0,0,34,0,0,0,0,0,0,0
1,cpanel.net,19,1671116555156,19,0,0,0,0,19,0,19,0,19,17,0,0,0,18,0,0,0,0,0,0,0
1,nasa.gov,18,1671116563487,18,0,0,0,0,18,0,18,0,18,16,0,0,0,18,0,0,0,0,0,0,0
1,cnbc.com,13,1671116572530,13,0,0,0,0,13,0,13,0,13,10,0,0,0,12,0,0,0,0,0,0,0
1,go.com,61,1671116579089,61,0,0,0,0,61,0,61,0,61,52,0,0,0,55,0,0,0,0,0,0,0
1,time.com,31,1671116595702,31,0,0,0,0,31,0,31,0,31,26,0,0,0,29,0,0,0,0,0,0,0
1,g.page,4,1671116636608,4,0,0,0,0,4,0,4,0,4,0,0,0,0,4,0,0,0,0,0,0,0
1,google.com,8,1671116637567,8,0,0,0,0,8,0,8,0,8,7,0,0,0,7,0,0,0,0,0,0,0
1,telegraph.co.uk,24,1671116640746,24,0,0,0,0,24,0,24,0,24,21,0,0,0,23,0,0,0,0,0,0,0
1,usatoday.com,41,1671116659381,41,0,0,0,0,41,0,41,0,41,36,0,0,0,40,0,0,0,0,0,0,0
1,npr.org,29,1671116693712,29,0,0,0,0,29,0,29,4,25,24,0,0,0,27,0,0,0,0,0,0,0
1,wired.com,26,1671116724561,26,0,0,0,0,26,0,26,0,26,24,0,0,0,25,0,0,0,0,0,0,0
1,cloudfront.net,0,1671116741703,0,0,0,0,0,0,0,0,0,0,0,0,0,0,0,0,0,0,0,0,0,0
1,blogger.com,12,1671116741987,12,0,0,0,0,12,0,12,0,12,6,0,0,0,12,0,0,0,0,0,0,0
1,hp.com,17,1671116746986,16,1,0,0,0,16,0,16,0,16,14,0,0,0,15,0,0,0,0,0,0,0
1,amzn.to,25,1671116754483,25,0,0,0,0,25,0,25,0,25,17,0,0,0,23,0,0,0,0,0,0,0
1,mysql.com,29,1671116787907,29,0,0,0,0,29,0,29,0,29,24,0,0,0,27,0,0,0,0,0,0,0
1,statista.com,15,1671116802567,15,0,0,0,0,15,0,15,0,15,12,0,0,0,14,0,0,0,0,0,0,0
1,i0.wp.com,3,1671116808408,3,0,0,0,0,3,0,3,0,3,1,0,0,0,2,0,0,0,0,0,0,0
1,myspace.com,27,1671116809775,27,0,0,0,0,27,0,27,0,27,18,0,0,0,23,0,0,0,0,0,0,0
1,loc.gov,9,1671116836079,9,0,0,0,0,9,0,9,0,9,7,0,0,0,8,0,0,0,0,0,0,0
1,independent.co.uk,25,1671116839124,25,0,0,0,0,25,0,25,0,25,20,0,0,0,23,0,0,0,0,0,0,0
1,commons.wikimedia.org,4,1671116859173,4,0,0,0,0,4,0,4,0,4,4,0,0,0,4,0,0,0,0,0,0,0
1,gc.ca,9,1671116863155,9,0,0,0,0,9,0,9,0,9,7,0,0,0,9,0,0,0,0,0,0,0
1,etsy.com,21,1671116866437,21,0,0,0,0,21,0,21,0,21,16,0,0,0,19,0,0,0,0,0,0,0
1,huffingtonpost.com,24,1671116874589,24,0,0,0,0,24,0,24,0,24,19,0,0,0,23,0,0,0,0,0,0,0
1,ft.com,11,1671116898492,11,0,0,0,0,11,0,11,0,11,8,0,0,0,10,0,0,0,0,0,0,0
1,behance.net,9,1671116907949,9,0,0,0,0,9,0,9,0,9,6,0,0,0,8,0,0,0,0,0,0,0
1,behance.net,2,1671116909311,2,0,0,0,0,2,0,2,0,2,1,0,0,0,2,0,0,0,0,0,0,0
1,ietf.org,6,1671116909749,6,0,0,0,0,6,0,6,0,6,4,0,0,0,5,0,0,0,0,0,0,0
1,imgur.com,12,1671116913354,12,0,0,0,0,12,0,12,0,12,11,0,0,0,12,0,0,0,0,0,0,0
1,amazon.co.uk,20,1671116922632,20,0,0,0,0,20,0,20,0,20,18,0,0,0,20,0,0,0,0,0,0,0
1,domainmarket.com,14,1671116947308,14,0,0,0,0,14,0,14,0,14,10,0,0,0,12,0,0,0,0,0,0,0
1,prnewswire.com,9,1671116953780,9,0,0,0,0,9,0,9,0,9,6,0,0,0,8,0,0,0,0,0,0,0
1,sina.com.cn,27,1671116957849,27,0,0,0,0,27,0,27,0,27,25,0,0,0,27,0,0,0,0,0,0,0
1,yelp.com,23,1671116977853,23,0,0,0,0,23,0,23,0,23,21,0,0,0,22,0,0,0,0,0,0,0
1,cornell.edu,11,1671116995634,11,0,0,0,0,11,0,11,0,11,8,0,0,0,10,0,0,0,0,0,0,0
1,twitch.tv,15,1671117002379,15,0,0,0,0,15,0,15,0,15,12,0,0,0,14,0,0,0,0,0,0,0
1,aboutads.info,9,1671117006432,9,0,0,0,0,9,0,9,0,9,9,0,0,0,9,0,0,0,0,0,0,0
1,theverge.com,16,1671117015691,16,0,0,0,0,16,0,16,0,16,13,0,0,0,15,0,0,0,0,0,0,0
1,linktr.ee,18,1671117025776,18,0,0,0,0,18,0,18,0,18,17,0,0,0,18,0,0,0,0,0,0,0
1,free.fr,13,1671117039854,13,0,0,0,0,13,0,13,0,13,10,0,0,0,13,0,0,0,0,0,0,0
1,ca.gov,14,1671117047565,14,0,0,0,0,14,0,14,0,14,9,0,0,0,12,0,0,0,0,0,0,0
1,dailymotion.com,25,1671117057295,25,0,0,0,0,25,0,25,0,25,22,0,0,0,24,0,0,0,0,0,0,0
1,baike.baidu.com,59,1671117065622,59,0,0,0,0,59,0,59,0,59,52,0,0,0,56,0,0,0,0,0,0,0
1,theatlantic.com,24,1671117101903,24,0,0,0,0,24,0,24,0,24,21,0,0,0,23,0,0,0,0,0,0,0
1,mailchimp.com,30,1671117110012,30,0,0,0,0,30,0,30,0,30,21,0,0,0,26,0,0,0,0,0,0,0
1,telegram.me,21,1671117131085,21,0,0,0,0,21,0,21,0,21,16,0,0,0,20,0,0,0,0,0,0,0
1,facebook.com,6,1671117135816,6,0,0,0,0,6,0,6,0,6,4,0,0,0,6,0,0,0,0,0,0,0
1,youtube.com,20,1671117138362,20,0,0,0,0,20,0,20,0,20,16,0,0,0,18,0,0,0,0,0,0,0
1,twitter.com,20,1671117142842,20,0,0,0,0,20,6,14,0,20,19,0,0,0,19,0,0,0,0,0,0,0
1,instagram.com,2,1671117147536,2,0,0,0,0,2,0,2,0,2,1,0,0,0,2,0,0,0,0,0,0,0
1,linkedin.com,9,1671117151144,9,0,0,0,0,9,0,9,5,4,8,0,0,0,9,0,0,0,0,0,0,0
1,microsoft.com,16,1671117162821,16,0,0,0,0,16,0,16,0,16,10,0,0,0,14,0,0,0,0,0,0,0
1,googletagmanager.com,3,1671117171563,3,0,0,0,0,3,0,3,0,3,1,0,0,0,2,0,0,0,0,0,0,0
1,wordpress.org,7,1671117173628,7,0,0,0,0,7,0,7,0,7,6,0,0,0,7,0,0,0,0,0,0,0
1,youtu.be,13,1671117177336,13,0,0,0,0,13,0,13,0,13,11,0,0,0,13,0,0,0,0,0,0,0
1,en.wikipedia.org,6,1671117180759,6,0,0,0,0,6,0,6,0,6,5,0,0,0,6,0,0,0,0,0,0,0
1,pinterest.com,15,1671117184038,15,0,0,0,0,15,0,15,0,15,9,0,0,0,13,0,0,0,0,0,0,0
1,play.google.com,14,1671117198692,14,0,0,0,0,14,0,14,0,14,14,0,0,0,14,0,0,0,0,0,0,0
1,vimeo.com,9,1671117210738,9,0,0,0,0,9,0,9,0,9,7,0,0,0,8,0,0,0,0,0,0,0
1,maps.google.com,3,1671117213384,3,0,0,0,0,3,0,3,0,3,0,0,0,0,3,0,0,0,0,0,0,0
1,google.com,14,1671117213815,14,0,0,0,0,14,0,14,0,14,12,0,0,0,13,0,0,0,0,0,0,0
1,plus.google.com,3,1671117219625,3,0,0,0,0,3,0,3,0,3,0,0,0,0,3,0,0,0,0,0,0,0
1,accounts.google.com,8,1671117220034,8,0,0,0,0,8,0,8,0,8,7,0,0,0,7,0,0,0,0,0,0,0
1,bit.ly,18,1671117222483,18,0,0,0,0,18,0,18,1,17,12,0,0,0,18,0,0,0,0,0,0,0
1,accounts.google.com,9,1671117230076,9,0,0,0,0,9,0,9,0,9,9,0,0,0,9,0,0,0,0,0,0,0
1,wordpress.com,17,1671117233542,17,0,0,0,0,17,0,17,0,17,14,0,0,0,15,0,0,0,0,0,0,0
1,blogspot.com,12,1671117240664,12,0,0,0,0,12,0,12,0,12,5,0,0,0,11,0,0,0,0,0,0,0
1,amazon.com,19,1671117244497,19,0,0,0,0,19,0,19,5,14,15,0,0,0,18,0,0,0,0,0,0,0
1,mozilla.org,9,1671117270095,9,0,0,0,0,9,0,9,0,9,5,0,0,0,8,0,0,0,0,0,0,0
1,macromedia.com,1,1671117272411,1,0,0,0,0,1,0,1,0,1,1,0,0,0,1,0,0,0,0,0,0,0
1,apps.apple.com,6,1671117282445,6,0,0,0,0,6,0,6,6,0,3,0,0,0,6,0,0,0,0,0,0,0
1,drive.google.com,4,1671117285171,4,0,0,0,0,4,0,4,0,4,0,0,0,0,4,0,0,0,0,0,0,0
1,google.com,7,1671117285794,7,0,0,0,0,7,0,7,0,7,6,0,0,0,6,0,0,0,0,0,0,0
1,yahoo.com,14,1671117289698,14,0,0,0,0,14,0,14,0,14,9,0,0,0,12,0,0,0,0,0,0,0
1,whatsapp.com,5,1671117300968,5,0,0,0,0,5,0,5,0,5,4,0,0,0,4,0,0,0,0,0,0,0
1,tumblr.com,15,1671117304839,15,0,0,0,0,15,0,15,0,15,12,0,0,0,13,0,0,0,0,0,0,0
1,europa.eu,24,1671117310449,24,0,0,0,0,24,0,24,0,24,18,0,0,0,21,0,0,0,0,0,0,0
1,flickr.com,29,1671117323831,29,0,0,0,0,29,0,29,0,29,28,0,0,0,29,0,0,0,0,0,0,0
1,reddit.com,26,1671117330360,26,0,0,0,0,26,0,26,0,26,21,0,0,0,23,0,0,0,0,0,0,0
1,gravatar.com,11,1671117351971,11,0,0,0,0,11,0,11,0,11,8,0,0,0,10,0,0,0,0,0,0,0
1,nih.gov,10,1671117356807,10,0,0,0,0,10,0,10,0,10,6,0,0,0,8,0,0,0,0,0,0,0
1,policies.google.com,9,1671117363251,9,0,0,0,0,9,0,9,0,9,8,0,0,0,9,0,0,0,0,0,0,0
1,nytimes.com,6,1671117367244,6,0,0,0,0,6,0,6,0,6,4,0,0,0,5,0,0,0,0,0,0,0
