tabId,hostname,countRequests,timeStamp,countSecure,countInsecure,countBroken,countWeak,countHpkpTrue,countHpkpFalse,countHstsTrue,countHstsFalse,countIsExtendedValidationTrue,countIsExtendedValidationFalse,countIsTRRTrue,countIsTRRFalse
1,google.com,36,1671081875341,36,0,0,0,0,36,0,36,0,36,0,26
1,about.google,41,1671081877155,41,0,0,0,0,41,0,41,0,41,0,37
1,store.google.com,101,1671081878933,101,0,0,0,0,101,0,101,0,101,0,79
1,mail.google.com,33,1671081881877,33,0,0,0,0,33,0,33,0,33,0,9
1,google.com,13,1671081883638,13,0,0,0,0,13,0,13,0,13,0,9
1,google.com,4,1671081884981,4,0,0,0,0,4,0,4,0,4,0,0
1,about.google,55,1671081885085,55,0,0,0,0,55,0,55,0,55,0,39
1,accounts.google.com,27,1671081887973,27,0,0,0,0,27,0,27,0,27,0,19
1,google.com,17,1671081889413,17,0,0,0,0,17,0,17,0,17,0,13
1,google.com,2,1671081890927,2,0,0,0,0,2,0,2,0,2,0,0
1,artsandculture.google.com,66,1671081891390,66,0,0,0,0,66,0,66,0,66,0,54
1,google.com,48,1671081892872,48,0,0,0,0,48,0,48,0,48,0,34
1,google.com,1,1671081894386,1,0,0,0,0,1,0,1,0,1,0,0
1,smallbusiness.withgoogle.com,26,1671081894424,26,0,0,0,0,26,0,26,0,26,0,21
1,facebook.com,2,1671081895899,2,0,0,0,0,2,0,2,0,2,0,0
1,facebook.com,18,1671081896903,18,0,0,0,0,18,0,18,0,18,0,15
1,facebook.com,14,1671081899716,14,0,0,0,0,14,0,14,0,14,0,10
1,facebook.com,18,1671081901346,18,0,0,0,0,18,0,18,0,18,0,8
1,facebook.com,30,1671081902735,30,0,0,0,0,30,0,30,0,30,0,17
1,es-la.facebook.com,14,1671081904757,14,0,0,0,0,14,0,14,0,14,0,8
1,fr-fr.facebook.com,20,1671081906232,20,0,0,0,0,20,0,20,0,20,0,14
1,zh-cn.facebook.com,23,1671081907624,23,0,0,0,0,23,0,23,0,23,0,12
1,ar-ar.facebook.com,14,1671081909007,14,0,0,0,0,14,0,14,0,14,0,10
1,pt-br.facebook.com,26,1671081910420,26,0,0,0,0,26,0,26,0,26,0,14
1,it-it.facebook.com,20,1671081911831,20,0,0,0,0,20,0,20,0,20,0,15
1,youtube.com,8,1671081913187,8,0,0,0,0,8,0,8,0,8,0,6
1,youtube.com,27,1671081915652,27,0,0,0,0,27,0,27,0,27,0,18
1,youtube.com,19,1671081921966,19,0,0,0,0,19,0,19,0,19,0,15
1,accounts.google.com,31,1671081924085,31,0,0,0,0,31,0,31,0,31,0,25
1,youtube.com,12,1671081925734,12,0,0,0,0,12,0,12,0,12,0,9
1,youtube.com,40,1671081927797,40,0,0,0,0,40,0,40,0,40,0,29
1,youtube.com,35,1671081930744,35,0,0,0,0,35,0,35,0,35,0,28
1,youtube.com,28,1671081932823,28,0,0,0,0,28,0,28,0,28,0,20
1,youtube.com,13,1671081935668,13,0,0,0,0,13,0,13,0,13,0,10
1,youtube.com,29,1671081938212,29,0,0,0,0,29,0,29,0,29,0,23
1,youtube.com,20,1671081941070,20,0,0,0,0,20,0,20,0,20,0,15
1,youtube.com,43,1671081943624,43,0,0,0,0,43,0,43,0,43,0,32
1,twitter.com,68,1671081945861,68,0,0,0,0,68,0,68,0,68,0,57
1,twitter.com,54,1671081947712,54,0,0,0,0,54,0,54,1,53,0,45
1,twitter.com,21,1671081949493,21,0,0,0,0,21,0,21,0,21,0,14
1,twitter.com,78,1671081950936,78,0,0,0,0,78,0,78,0,78,0,60
1,twitter.com,57,1671081952598,57,0,0,0,0,57,2,55,0,57,0,49
1,twitter.com,54,1671081953928,54,0,0,0,0,54,4,50,0,54,0,46
1,twitter.com,152,1671081955250,152,0,0,0,0,152,9,143,1,151,0,140
1,instagram.com,39,1671081956640,39,0,0,0,0,39,0,39,0,39,0,31
1,instagram.com,23,1671081960200,23,0,0,0,0,23,0,23,0,23,0,19
1,instagram.com,18,1671081961927,18,0,0,0,0,18,0,18,0,18,0,16
1,l.instagram.com,5,1671081963580,5,0,0,0,0,5,0,5,0,5,0,4
1,play.google.com,35,1671081963679,35,0,0,0,0,35,0,35,0,35,0,29
1,,2,1671081966967,2,0,0,0,0,2,0,2,0,2,0,2
1,about.meta.com,68,1671081975707,68,0,0,0,0,68,0,68,0,68,0,55
1,about.instagram.com,35,1671081979192,35,0,0,0,0,35,0,35,0,35,0,30
1,about.instagram.com,15,1671081982192,15,0,0,0,0,15,0,15,0,15,0,12
1,instagram.com,3,1671081984219,3,0,0,0,0,3,0,3,0,3,0,1
1,about.instagram.com,14,1671081984952,14,0,0,0,0,14,0,14,0,14,0,12
1,help.instagram.com,19,1671081986912,19,0,0,0,0,19,0,19,0,19,0,15
1,developers.facebook.com,59,1671081988458,59,0,0,0,0,59,0,59,0,59,0,48
1,linkedin.com,33,1671081990685,33,0,0,0,0,33,0,33,0,33,0,21
1,linkedin.com,8,1671081994531,8,0,0,0,0,8,0,8,0,8,0,6
1,linkedin.com,58,1671081996126,58,0,0,0,0,58,0,58,0,58,0,48
1,linkedin.com,13,1671081999978,13,0,0,0,0,13,0,13,0,13,0,13
1,linkedin.com,30,1671082001930,30,0,0,0,0,30,0,30,0,30,0,27
1,linkedin.com,10,1671082005977,10,0,0,0,0,10,0,10,0,10,0,7
1,linkedin.com,17,1671082007248,17,0,0,0,0,17,0,17,0,17,0,12
1,linkedin.com,9,1671082009175,9,0,0,0,0,9,0,9,0,9,0,7
1,linkedin.com,10,1671082010491,10,0,0,0,0,10,0,10,0,10,0,8
1,apple.com,32,1671082011842,32,0,0,0,0,32,0,32,28,4,0,24
1,apple.com,11,1671082018108,11,0,0,0,0,11,0,11,11,0,0,10
1,apple.com,22,1671082019407,22,0,0,0,0,22,0,22,10,12,0,16
1,apple.com,10,1671082021044,10,0,0,0,0,10,0,10,6,4,0,8
1,apple.com,14,1671082022526,14,0,0,0,0,14,0,14,14,0,0,11
1,apple.com,30,1671082024214,30,0,0,0,0,30,0,30,10,20,0,24
1,apple.com,13,1671082025938,13,0,0,0,0,13,0,13,13,0,0,10
1,apple.com,23,1671082027490,23,0,0,0,0,23,0,23,23,0,0,19
1,apple.com,28,1671082029793,28,0,0,0,0,28,0,28,28,0,0,23
1,microsoft.com,38,1671082032620,38,0,0,0,0,38,0,38,0,38,0,28
1,aka.ms,14,1671082036348,14,0,0,0,0,14,0,14,0,14,0,10
1,,4,1671082037279,4,0,0,0,0,4,0,4,0,4,0,3
1,microsoft.com,17,1671082047354,17,0,0,0,0,17,0,17,0,17,0,10
1,microsoft.com,22,1671082049575,22,0,0,0,0,22,0,22,0,22,0,18
1,microsoft.com,19,1671082051811,19,0,0,0,0,19,0,19,0,19,0,14
1,microsoft.com,43,1671082053983,43,0,0,0,0,43,0,43,1,42,0,34
1,microsoft.com,96,1671082055963,96,0,0,0,0,96,0,96,1,95,0,81
1,xbox.com,120,1671082063514,120,0,0,0,0,120,0,120,0,120,0,103
1,microsoft.com,20,1671082071676,20,0,0,0,0,20,0,20,0,20,0,16
1,microsoft.com,19,1671082078251,19,0,0,0,0,19,0,19,0,19,0,12
1,wikipedia.org,10,1671082080989,10,0,0,0,0,10,0,10,0,10,0,5
1,en.wikipedia.org,16,1671082085447,16,0,0,0,0,16,0,16,0,16,0,8
1,ja.wikipedia.org,13,1671082086911,13,0,0,0,0,13,0,13,0,13,0,10
1,ru.wikipedia.org,11,1671082089890,11,0,0,0,0,11,0,11,0,11,0,7
1,fr.wikipedia.org,11,1671082091227,11,0,0,0,0,11,0,11,0,11,0,6
1,de.wikipedia.org,16,1671082092754,16,0,0,0,0,16,0,16,0,16,0,12
1,es.wikipedia.org,14,1671082094192,14,0,0,0,0,14,0,14,0,14,0,8
1,it.wikipedia.org,8,1671082095649,8,0,0,0,0,8,0,8,0,8,0,5
1,zh.wikipedia.org,14,1671082097014,14,0,0,0,0,14,0,14,0,14,0,7
1,fa.wikipedia.org,12,1671082098681,12,0,0,0,0,12,0,12,0,12,0,8
1,pt.wikipedia.org,13,1671082100173,13,0,0,0,0,13,0,13,0,13,0,9
1,googletagmanager.com,3,1671082101543,3,0,0,0,0,3,0,3,0,3,0,1
1,google.com,19,1671082103663,19,0,0,0,0,19,0,19,0,19,0,14
1,wordpress.org,36,1671082105234,36,0,0,0,0,36,0,36,0,36,0,24
1,login.wordpress.org,21,1671082108399,21,0,0,0,0,21,0,21,0,21,0,16
1,login.wordpress.org,26,1671082110193,26,0,0,0,0,26,0,26,0,26,0,20
1,wordpress.org,21,1671082112377,21,0,0,0,0,21,0,21,0,21,0,10
1,wordpress.org,20,1671082114128,20,0,0,0,0,20,0,20,0,20,0,13
1,wordpress.org,25,1671082115885,25,0,0,0,0,25,0,25,0,25,0,19
1,wordpress.org,19,1671082117500,19,0,0,0,0,19,0,19,0,19,0,16
1,wordpress.org,10,1671082119503,10,0,0,0,0,10,0,10,0,10,0,7
1,wordpress.org,21,1671082121011,21,0,0,0,0,21,0,21,0,21,0,17
1,wordpress.org,7,1671082122477,7,0,0,0,0,7,0,7,0,7,0,6
1,wordpress.org,12,1671082124978,12,0,0,0,0,12,0,12,0,12,0,10
1,youtu.be,13,1671082126434,13,0,0,0,0,13,0,13,0,13,0,9
1,youtube.com,12,1671082128533,12,0,0,0,0,12,0,12,0,12,0,4
1,youtube.com,10,1671082130367,10,0,0,0,0,10,0,10,0,10,0,5
1,en.wikipedia.org,8,1671082132203,8,0,0,0,0,8,0,8,0,8,0,4
1,en.wikipedia.org,12,1671082138345,12,0,0,0,0,12,0,12,0,12,0,8
1,en.wikipedia.org,10,1671082140088,10,0,0,0,0,10,0,10,0,10,0,4
1,en.wikipedia.org,8,1671082141523,8,0,0,0,0,8,0,8,0,8,0,5
1,en.wikipedia.org,8,1671082142800,8,0,0,0,0,8,0,8,0,8,0,7
1,en.wikipedia.org,8,1671082144028,8,0,0,0,0,8,0,8,0,8,0,5
1,en.wikipedia.org,14,1671082145334,14,0,0,0,0,14,0,14,0,14,0,8
1,en.wikipedia.org,6,1671082147124,6,0,0,0,0,6,0,6,0,6,0,5
1,en.wikipedia.org,12,1671082148476,12,0,0,0,0,12,0,12,0,12,0,8
1,pinterest.com,57,1671082149990,57,0,0,0,0,57,0,57,0,57,0,48
1,pinterest.com,42,1671082155891,42,0,0,0,0,42,0,42,0,42,0,34
1,pinterest.com,38,1671082158385,38,0,0,0,0,38,0,38,0,38,0,28
1,pinterest.com,42,1671082161319,42,0,0,0,0,42,0,42,0,42,0,35
1,pinterest.com,18,1671082163533,18,0,0,0,0,18,0,18,0,18,0,12
1,pinterest.com,17,1671082165394,17,0,0,0,0,17,0,17,0,17,0,12
1,pinterest.com,15,1671082167217,15,0,0,0,0,15,0,15,0,15,0,11
1,policy.pinterest.com,12,1671082169175,12,0,0,0,0,12,0,12,0,12,0,9
1,pinterest.com,14,1671082170842,14,0,0,0,0,14,0,14,0,14,0,9
1,pinterest.com,13,1671082172914,13,0,0,0,0,13,0,13,0,13,0,9
1,pinterest.com,25,1671082174941,25,0,0,0,0,25,0,25,0,25,0,20
1,play.google.com,50,1671082176805,50,0,0,0,0,50,0,50,0,50,0,44
1,play.google.com,34,1671082180517,34,0,0,0,0,34,0,34,0,34,0,26
1,policies.google.com,34,1671082182725,34,0,0,0,0,34,0,34,0,34,0,29
1,myaccount.google.com,18,1671082185369,18,0,0,0,0,18,0,18,0,18,0,9
1,policies.google.com,15,1671082185753,15,0,0,0,0,15,0,15,0,15,0,13
1,play.google.com,29,1671082187064,29,0,0,0,0,29,0,29,0,29,0,25
1,play.google.com,37,1671082189153,37,0,0,0,0,37,0,37,0,37,0,33
1,play.google.com,39,1671082191223,39,0,0,0,0,39,0,39,0,39,0,34
1,play.google.com,35,1671082193201,35,0,0,0,0,35,0,35,0,35,0,31
1,play.google.com,40,1671082195406,40,0,0,0,0,40,0,40,0,40,0,38
1,play.google.com,34,1671082198017,34,0,0,0,0,34,0,34,0,34,0,30
1,play.google.com,37,1671082200042,37,0,0,0,0,37,0,37,0,37,0,34
1,github.com,11,1671082201949,11,0,0,0,0,11,0,11,0,11,0,10
1,github.com,14,1671082205616,14,0,0,0,0,14,0,14,0,14,0,11
1,github.com,27,1671082207110,27,0,0,0,0,27,0,27,0,27,0,22
1,github.com,9,1671082209222,9,0,0,0,0,9,0,9,0,9,0,7
1,github.com,12,1671082210940,12,0,0,0,0,12,0,12,0,12,0,8
1,github.com,10,1671082212556,10,0,0,0,0,10,0,10,0,10,0,7
1,github.com,11,1671082214087,11,0,0,0,0,11,0,11,0,11,0,9
1,github.com,11,1671082215718,11,0,0,0,0,11,0,11,0,11,0,7
1,github.com,8,1671082217850,8,0,0,0,0,8,0,8,0,8,0,5
1,github.com,7,1671082219369,7,0,0,0,0,7,0,7,0,7,0,5
1,vimeo.com,12,1671082221342,12,0,0,0,0,12,0,12,0,12,0,10
1,vimeo.com,15,1671082223930,15,0,0,0,0,15,0,15,0,15,0,13
1,vimeo.com,49,1671082225537,49,0,0,0,0,49,0,49,0,49,0,45
1,vimeo.com,64,1671082227381,64,0,0,0,0,64,0,64,0,64,0,57
1,vimeo.com,64,1671082229346,64,0,0,0,0,64,0,64,0,64,0,54
1,vimeo.com,51,1671082231821,51,0,0,0,0,51,0,51,0,51,0,44
1,vimeo.com,66,1671082233357,66,0,0,0,0,66,0,66,1,65,0,58
1,vimeo.com,17,1671082238579,17,0,0,0,0,17,0,17,0,17,0,13
1,vimeo.com,49,1671082240284,49,0,0,0,0,49,0,49,0,49,0,44
1,vimeo.com,58,1671082241748,58,0,0,0,0,58,0,58,0,58,0,48
1,maps.google.com,3,1671082243536,3,0,0,0,0,3,0,3,0,3,0,0
1,google.com,47,1671082243746,47,0,0,0,0,47,0,47,0,47,0,39
1,developers.googleblog.com,12,1671082245332,12,0,0,0,0,12,0,12,0,12,0,9
1,developers.googleblog.com,14,1671082247432,14,0,0,0,0,14,0,14,0,14,0,13
1,developers.google.com,47,1671082249071,47,0,0,0,0,47,0,47,0,47,4,36
1,developers.googleblog.com,8,1671082252096,8,0,0,0,0,8,0,8,0,8,0,4
1,developers.googleblog.com,13,1671082253540,13,0,0,0,0,13,0,13,0,13,0,11
1,developers.googleblog.com,17,1671082254949,17,0,0,0,0,17,0,17,0,17,0,13
1,developers.googleblog.com,16,1671082256527,16,0,0,0,0,16,0,16,0,16,0,13
1,developers.googleblog.com,15,1671082257941,15,0,0,0,0,15,0,15,0,15,0,12
1,youtube.com,16,1671082259441,16,0,0,0,0,16,0,16,0,16,0,10
1,twitter.com,27,1671082261526,27,0,0,0,0,27,7,20,0,27,0,25
1,instagram.com,27,1671082263874,27,0,0,0,0,27,0,27,0,27,18,1
1,plus.google.com,9,1671082266474,9,0,0,0,0,9,0,9,0,9,2,0
1,accounts.google.com,30,1671082267612,30,0,0,0,0,30,0,30,0,30,1,16
1,support.google.com,25,1671082269975,25,0,0,0,0,25,0,25,0,25,15,3
1,support.google.com,29,1671082275910,29,0,0,0,0,29,0,29,0,29,22,0
1,accounts.google.com,42,1671082278898,42,0,0,0,0,42,0,42,0,42,9,28
1,bit.ly,19,1671082284208,19,0,0,0,0,19,0,19,1,18,13,0
1,bitly.com,9,1671082286688,9,0,0,0,0,9,0,9,0,9,6,0
1,bitly.com,11,1671082288104,11,0,0,0,0,11,0,11,0,11,9,0
1,bitly.com,11,1671082289542,11,0,0,0,0,11,0,11,0,11,8,0
1,bitly.com,14,1671082291997,14,0,0,0,0,14,0,14,0,14,6,0
1,bitly.com,9,1671082293498,9,0,0,0,0,9,0,9,0,9,6,0
1,bitly.com,11,1671082294692,11,0,0,0,0,11,0,11,0,11,10,0
1,bitly.com,11,1671082296092,11,0,0,0,0,11,0,11,0,11,8,0
1,bitly.com,10,1671082297498,10,0,0,0,0,10,0,10,0,10,8,0
1,bitly.com,9,1671082298898,9,0,0,0,0,9,0,9,0,9,8,0
1,adobe.com,90,1671082300307,90,0,0,0,0,90,0,90,1,89,73,0
1,adobe.com,51,1671082309403,51,0,0,0,0,51,0,51,1,50,46,0
1,adobe.com,42,1671082311981,42,0,0,0,0,42,0,42,0,42,39,0
1,adobe.com,59,1671082313661,59,0,0,0,0,59,0,59,0,59,55,0
1,adobe.com,71,1671082317443,71,0,0,0,0,71,0,71,0,71,63,0
1,accounts.google.com,18,1671082321579,18,0,0,0,0,18,0,18,0,18,17,0
1,support.google.com,27,1671082323322,27,0,0,0,0,27,0,27,0,27,17,0
1,support.google.com,23,1671082325001,23,0,0,0,0,23,0,23,0,23,18,0
1,accounts.google.com,28,1671082326776,27,1,0,0,0,27,0,27,0,27,19,0
1,accounts.google.com,26,1671082329310,26,0,0,0,0,26,0,26,0,26,21,0
1,wordpress.com,46,1671082331155,46,0,0,0,0,46,0,46,0,46,39,0
1,wordpress.com,28,1671082334781,28,0,0,0,0,28,0,28,0,28,25,0
1,wordpress.com,15,1671082336707,15,0,0,0,0,15,0,15,0,15,11,0
1,wordpress.com,19,1671082338181,19,0,0,0,0,19,0,19,1,18,17,0
1,wordpress.com,14,1671082340000,14,0,0,0,0,14,0,14,0,14,12,0
1,wordpress.com,27,1671082341470,27,0,0,0,0,27,0,27,0,27,25,0
1,wordpress.com,29,1671082343175,29,0,0,0,0,29,0,29,0,29,24,0
1,wordpress.com,28,1671082345407,28,0,0,0,0,28,0,28,0,28,26,0
1,wordpress.com,29,1671082347490,29,0,0,0,0,29,0,29,0,29,27,0
1,wordpress.com,25,1671082349487,25,0,0,0,0,25,0,25,0,25,22,0
1,builtbywp.com,18,1671082351160,18,0,0,0,0,18,0,18,0,18,13,0
1,blogspot.com,7,1671082353188,7,0,0,0,0,7,0,7,0,7,1,0
1,blogger.com,8,1671082353549,8,0,0,0,0,8,0,8,0,8,7,0
1,blogger.com,16,1671082356274,16,0,0,0,0,16,0,16,0,16,10,0
1,blogger.com,4,1671082357832,4,0,0,0,0,4,0,4,0,4,0,0
1,accounts.google.com,16,1671082358063,16,0,0,0,0,16,0,16,0,16,15,0
1,blogger.com,4,1671082359844,4,0,0,0,0,4,0,4,0,4,0,0
1,accounts.google.com,16,1671082360123,16,0,0,0,0,16,0,16,0,16,15,0
1,blogger.com,4,1671082361797,4,0,0,0,0,4,0,4,0,4,0,0
1,accounts.google.com,17,1671082362030,17,0,0,0,0,17,0,17,0,17,17,0
1,blogger.com,11,1671082363677,11,0,0,0,0,11,0,11,0,11,9,0
1,blogger.com,4,1671082364890,4,0,0,0,0,4,0,4,0,4,0,0
1,accounts.google.com,15,1671082365101,15,0,0,0,0,15,0,15,0,15,15,0
1,blogger.com,3,1671082366741,3,0,0,0,0,3,0,3,0,3,0,0
1,support.google.com,18,1671082366973,18,0,0,0,0,18,0,18,0,18,15,0
1,blogger.com,3,1671082368583,3,0,0,0,0,3,0,3,0,3,1,0
1,productforums.google.com,1,1671082368699,1,0,0,0,0,1,0,1,0,1,0,0
1,support.google.com,18,1671082368966,18,0,0,0,0,18,0,18,0,18,18,0
1,blogger.com,2,1671082370571,2,0,0,0,0,2,0,2,0,2,0,0
1,youtube.com,38,1671082370734,38,0,0,0,0,38,0,38,0,38,36,0
1,amazon.com,94,1671082372766,94,0,0,0,0,94,0,94,0,94,55,0
1,amazon.com,10,1671082386067,10,0,0,0,0,10,0,10,0,10,8,0
1,amazon.com,70,1671082387643,70,0,0,0,0,70,0,70,0,70,62,0
1,amazon.com,56,1671082395903,56,0,0,0,0,56,0,56,0,56,38,0
1,vimeo.com,60,1671082402493,60,0,0,0,0,60,0,60,0,60,54,0
1,vimeo.com,48,1671082404938,48,0,0,0,0,48,0,48,0,48,43,0
1,vimeo.com,38,1671082415026,38,0,0,0,0,38,0,38,0,38,36,0
1,vimeo.com,89,1671082417541,89,0,0,0,0,89,0,89,0,89,83,0
1,vimeo.com,57,1671082423943,57,0,0,0,0,57,0,57,10,47,53,0
1,apple.com,17,1671082433593,17,0,0,0,0,17,0,17,17,0,14,0
1,apple.com,16,1671082435154,16,0,0,0,0,16,0,16,8,8,12,0
1,apple.com,9,1671082436729,9,0,0,0,0,9,0,9,6,3,7,0
1,apple.com,10,1671082438016,10,0,0,0,0,10,0,10,10,0,7,0
1,apple.com,17,1671082439353,17,0,0,0,0,17,0,17,8,9,13,0
1,apple.com,17,1671082441552,17,0,0,0,0,17,0,17,17,0,15,0
1,apple.com,11,1671082443326,11,0,0,0,0,11,0,11,11,0,10,0
1,apple.com,8,1671082444867,8,0,0,0,0,8,0,8,8,0,6,0
1,mozilla.org,9,1671082446592,9,0,0,0,0,9,0,9,0,9,5,0
1,mozilla.org,11,1671082449300,11,0,0,0,0,11,0,11,0,11,9,0
1,mozilla.org,9,1671082450730,9,0,0,0,0,9,0,9,0,9,7,0
1,download.mozilla.org,2,1671082452021,2,0,0,0,0,2,0,2,0,2,2,0
1,mozilla.org,5,1671082460735,5,0,0,0,0,5,0,5,0,5,3,0
1,mozilla.org,9,1671082461951,9,0,0,0,0,9,0,9,0,9,7,0
1,mozilla.org,9,1671082463205,9,0,0,0,0,9,0,9,0,9,7,0
1,mozilla.org,16,1671082464693,16,0,0,0,0,16,0,16,0,16,13,0
1,mozilla.org,8,1671082466153,8,0,0,0,0,8,0,8,0,8,6,0
1,mozilla.org,8,1671082467968,8,0,0,0,0,8,0,8,0,8,6,0
1,mozilla.org,9,1671082469450,9,0,0,0,0,9,0,9,0,9,8,0
1,mozilla.org,12,1671082470889,12,0,0,0,0,12,0,12,0,12,11,0
1,macromedia.com,2,1671082472416,2,0,0,0,0,2,0,2,0,2,2,0
1,apps.apple.com,14,1671082482422,14,0,0,0,0,14,0,14,14,0,7,0
1,apple.com,14,1671082487176,14,0,0,0,0,14,0,14,14,0,8,0
1,apple.com,12,1671082490945,12,0,0,0,0,12,0,12,8,4,7,0
1,apple.com,10,1671082492535,10,0,0,0,0,10,0,10,6,4,8,0
1,apple.com,10,1671082493865,10,0,0,0,0,10,0,10,10,0,7,0
1,apple.com,16,1671082495199,16,0,0,0,0,16,0,16,10,6,10,0
1,apple.com,12,1671082497144,12,0,0,0,0,12,0,12,12,0,11,0
1,apple.com,6,1671082498724,6,0,0,0,0,6,0,6,6,0,4,0
1,apple.com,11,1671082500151,11,0,0,0,0,11,0,11,11,0,10,0
1,drive.google.com,3,1671082501905,3,0,0,0,0,3,0,3,0,3,0,0
1,google.com,14,1671082502108,14,0,0,0,0,14,0,14,0,14,13,0
1,google.com,9,1671082505929,9,0,0,0,0,9,0,9,0,9,7,0
1,accounts.google.com,17,1671082507106,17,0,0,0,0,17,0,17,0,17,12,0
1,accounts.google.com,17,1671082508928,17,0,0,0,0,17,0,17,0,17,14,0
1,workspace.google.com,16,1671082510748,16,0,0,0,0,16,0,16,0,16,12,0
1,google.com,12,1671082513053,12,0,0,0,0,12,0,12,0,12,8,0
1,google.com,21,1671082514322,21,0,0,0,0,21,0,21,0,21,17,0
1,yahoo.com,52,1671082519153,52,0,0,0,0,52,0,52,0,52,44,0
1,yahoo.com,11,1671082525146,11,0,0,0,0,11,0,11,0,11,8,0
1,login.yahoo.com,59,1671082527684,59,0,0,0,0,59,0,59,0,59,56,0
1,yahoo.com,128,1671082534430,128,0,0,0,0,128,0,128,0,128,118,0
1,yahoo.com,108,1671082551986,108,0,0,0,0,108,0,108,0,108,99,0
1,mail.yahoo.com,27,1671082561000,27,0,0,0,0,27,0,27,0,27,25,0
1,whatsapp.com,13,1671082567135,13,0,0,0,0,13,0,13,0,13,8,0
1,whatsapp.com,7,1671082570932,7,0,0,0,0,7,0,7,0,7,5,0
1,whatsapp.com,9,1671082572562,9,0,0,0,0,9,0,9,0,9,7,0
1,whatsapp.com,8,1671082574287,8,0,0,0,0,8,0,8,0,8,7,0
1,whatsapp.com,7,1671082576075,7,0,0,0,0,7,0,7,0,7,5,0
1,whatsapp.com,6,1671082577694,6,0,0,0,0,6,0,6,0,6,4,0
1,business.whatsapp.com,18,1671082579373,18,0,0,0,0,18,0,18,1,17,15,0
1,whatsapp.com,8,1671082582097,8,0,0,0,0,8,0,8,0,8,6,0
1,faq.whatsapp.com,14,1671082583696,14,0,0,0,0,14,0,14,0,14,11,0
1,blog.whatsapp.com,21,1671082585587,21,0,0,0,0,21,0,21,0,21,20,0
1,tumblr.com,24,1671082587643,24,0,0,0,0,24,0,24,0,24,21,0
1,tumblr.com,18,1671082590891,18,0,0,0,0,18,0,18,0,18,14,0
1,tumblr.com,20,1671082593037,20,0,0,0,0,20,0,20,0,20,18,0
1,tumblr.com,18,1671082595142,18,0,0,0,0,18,0,18,0,18,15,0
1,whimsigothwitch.tumblr.com,10,1671082597783,10,0,0,0,0,10,0,10,0,10,8,0
1,whimsigothwitch.tumblr.com,21,1671082601823,21,0,0,0,0,21,0,21,0,21,18,0
1,tumblr.com,24,1671082604551,24,0,0,0,0,24,0,24,0,24,19,0
1,tumblr.com,20,1671082607046,20,0,0,0,0,20,0,20,0,20,16,0
1,tumblr.com,17,1671082609514,17,0,0,0,0,17,0,17,0,17,15,0
1,tumblr.com,17,1671082611849,17,0,0,0,0,17,0,17,0,17,16,0
1,tumblr.com,19,1671082614253,19,0,0,0,0,19,0,19,0,19,16,0
1,europa.eu,18,1671082616541,18,0,0,0,0,18,0,18,0,18,13,0
1,european-union.europa.eu,20,1671082620538,20,0,0,0,0,20,0,20,0,20,17,0
1,european-union.europa.eu,18,1671082623168,18,0,0,0,0,18,0,18,0,18,17,0
1,european-union.europa.eu,15,1671082625252,15,0,0,0,0,15,0,15,0,15,13,0
1,european-union.europa.eu,19,1671082627280,19,0,0,0,0,19,0,19,0,19,18,0
1,european-union.europa.eu,14,1671082629306,14,0,0,0,0,14,0,14,0,14,12,0
1,european-union.europa.eu,17,1671082631476,17,0,0,0,0,17,0,17,0,17,16,0
1,european-union.europa.eu,18,1671082633578,18,0,0,0,0,18,0,18,0,18,17,0
1,european-union.europa.eu,15,1671082635760,15,0,0,0,0,15,0,15,0,15,14,0
1,european-union.europa.eu,17,1671082637802,17,0,0,0,0,17,0,17,0,17,16,0
1,api.whatsapp.com,8,1671082639870,8,0,0,0,0,8,0,8,0,8,5,0
1,,2,1671082640361,2,0,0,0,0,2,0,2,0,2,2,0
1,flickr.com,17,1671082649513,17,0,0,0,0,17,0,17,0,17,15,0
1,flickr.com,20,1671082652151,20,0,0,0,0,20,0,20,0,20,18,0
1,flickr.com,24,1671082656889,24,0,0,0,0,24,0,24,0,24,20,0
1,flickr.com,19,1671082658934,19,0,0,0,0,19,0,19,0,19,15,0
1,flickr.com,12,1671082662051,12,0,0,0,0,12,0,12,0,12,10,0
1,blog.flickr.net,32,1671082663679,32,0,0,0,0,32,0,32,0,32,27,0
1,flickr.com,29,1671082668084,29,0,0,0,0,29,0,29,0,29,24,0
1,flickr.com,15,1671082672530,15,0,0,0,0,15,0,15,0,15,12,0
1,reddit.com,57,1671082674732,57,0,0,0,0,57,0,57,0,57,46,0
1,reddit.com,44,1671082684794,44,0,0,0,0,44,0,44,0,44,40,0
1,reddit.com,13,1671082689158,13,0,0,0,0,13,0,13,0,13,10,0
1,reddit.com,14,1671082692018,14,0,0,0,0,14,0,14,0,14,14,0
1,reddit.com,14,1671082693000,14,0,0,0,0,14,0,14,0,14,14,0
1,reddit.com,15,1671082694003,15,0,0,0,0,15,0,15,0,15,15,0
1,reddit.com,16,1671082694932,16,0,0,0,0,16,0,16,0,16,16,0
1,reddit.com,12,1671082695882,12,0,0,0,0,12,0,12,0,12,12,0
1,reddit.com,17,1671082696802,17,0,0,0,0,17,0,17,0,17,17,0
1,reddit.com,16,1671082697754,16,0,0,0,0,16,0,16,0,16,16,0
1,reddit.com,18,1671082698668,18,0,0,0,0,18,0,18,0,18,18,0
1,reddit.com,16,1671082699628,16,0,0,0,0,16,0,16,0,16,15,0
1,reddit.com,20,1671082700695,20,0,0,0,0,20,0,20,0,20,19,0
1,reddit.com,20,1671082701607,20,0,0,0,0,20,0,20,0,20,19,0
1,reddit.com,20,1671082702540,20,0,0,0,0,20,0,20,0,20,19,0
1,reddit.com,11,1671082703450,11,0,0,0,0,11,0,11,0,11,11,0
1,reddit.com,16,1671082704365,16,0,0,0,0,16,0,16,0,16,16,0
1,reddit.com,22,1671082705290,22,0,0,0,0,22,0,22,0,22,21,0
1,reddit.com,20,1671082706233,20,0,0,0,0,20,0,20,0,20,19,0
1,reddit.com,21,1671082707136,21,0,0,0,0,21,0,21,0,21,21,0
1,reddit.com,15,1671082708056,15,0,0,0,0,15,0,15,0,15,15,0
1,reddit.com,21,1671082708991,21,0,0,0,0,21,0,21,0,21,20,0
1,reddit.com,21,1671082709944,21,0,0,0,0,21,0,21,0,21,20,0
1,reddit.com,21,1671082710866,21,0,0,0,0,21,0,21,0,21,20,0
1,reddit.com,21,1671082711806,21,0,0,0,0,21,0,21,0,21,20,0
1,reddit.com,16,1671082712719,16,0,0,0,0,16,0,16,0,16,15,0
1,reddit.com,20,1671082713630,20,0,0,0,0,20,0,20,0,20,16,0
1,reddit.com,20,1671082714567,20,0,0,0,0,20,0,20,0,20,19,0
1,reddit.com,22,1671082715469,22,0,0,0,0,22,0,22,1,21,20,0
1,reddit.com,30,1671082717642,30,0,0,0,0,30,0,30,0,30,28,0
1,reddit.com,31,1671082721649,31,0,0,0,0,31,0,31,0,31,29,0
1,reddit.com,37,1671082725923,37,0,0,0,0,37,0,37,0,37,34,0
1,reddit.com,32,1671082731209,32,0,0,0,0,32,0,32,0,32,31,0
1,reddit.com,30,1671082737030,30,0,0,0,0,30,0,30,0,30,28,0
1,reddit.com,44,1671082740587,44,0,0,0,0,44,0,44,0,44,38,0
1,qq.com,56,1671082745867,56,0,0,0,0,56,0,56,0,56,50,0
1,gravatar.com,13,1671082756803,13,0,0,0,0,13,0,13,0,13,10,0
1,wordpress.com,31,1671082760102,30,1,0,0,0,30,0,30,0,30,26,0
1,vaultpress.com,26,1671082762294,26,0,0,0,0,26,0,26,0,26,22,0
1,akismet.com,16,1671082766029,15,1,0,0,0,15,0,15,0,15,13,0
1,crowdsignal.com,37,1671082768437,37,0,0,0,0,37,0,37,0,37,34,0
1,en.gravatar.com,6,1671082771470,6,0,0,0,0,6,0,6,0,6,4,0
1,en.gravatar.com,20,1671082772907,20,0,0,0,0,20,0,20,0,20,15,0
1,gravatar.com,16,1671082776914,16,0,0,0,0,16,0,16,0,16,11,0
1,en.gravatar.com,7,1671082780474,7,0,0,0,0,7,0,7,0,7,5,0
1,automattic.com,31,1671082781854,30,1,0,0,0,30,0,30,0,30,26,0
1,nih.gov,17,1671082785710,17,0,0,0,0,17,0,17,0,17,14,0
1,hhs.gov,56,1671082793089,56,0,0,0,0,56,0,56,0,56,52,0
1,nih.gov,14,1671082798655,14,0,0,0,0,14,0,14,0,14,10,0
1,employees.nih.gov,7,1671082800142,6,1,0,0,0,6,0,6,0,6,3,0
1,ned.nih.gov,7,1671082803491,7,0,0,0,0,7,0,7,0,7,4,0
1,salud.nih.gov,23,1671082805362,23,0,0,0,0,23,0,23,0,23,19,0
1,nih.gov,12,1671082808845,12,0,0,0,0,12,0,12,0,12,9,0
1,nih.gov,17,1671082810330,17,0,0,0,0,17,0,17,0,17,14,0
1,hhs.gov,13,1671082812724,13,0,0,0,0,13,0,13,0,13,10,0
1,nih.gov,20,1671082814152,20,0,0,0,0,20,0,20,0,20,17,0
1,policies.google.com,22,1671082815740,22,0,0,0,0,22,0,22,0,22,19,0
1,policies.google.com,15,1671082818374,15,0,0,0,0,15,0,15,0,15,13,0
1,policies.google.com,12,1671082819993,12,0,0,0,0,12,0,12,0,12,11,0
1,google.com,2,1671082821732,2,0,0,0,0,2,0,2,0,2,0,0
1,about.google,35,1671082821903,35,0,0,0,0,35,0,35,0,35,27,0
1,accounts.google.com,13,1671082827375,13,0,0,0,0,13,0,13,0,13,9,0
1,policies.google.com,31,1671082830308,31,0,0,0,0,31,0,31,0,31,27,0
1,policies.google.com,14,1671082836447,14,0,0,0,0,14,0,14,0,14,13,0
1,policies.google.com,13,1671082838136,13,0,0,0,0,13,0,13,0,13,12,0
1,google.com,15,1671082839849,15,0,0,0,0,15,0,15,0,15,13,0
1,nytimes.com,89,1671082841973,89,0,0,0,0,89,0,89,0,89,79,0
1,nytimes.com,48,1671082853388,48,0,0,0,0,48,0,48,0,48,44,0
1,nytimes.com,49,1671082858685,49,0,0,0,0,49,0,49,0,49,42,0
1,nytimes.com,39,1671082864160,39,0,0,0,0,39,0,39,0,39,37,0
1,nytimes.com,50,1671082869137,50,0,0,0,0,50,0,50,0,50,48,0
1,nytimes.com,28,1671082875660,28,0,0,0,0,28,0,28,0,28,23,0
1,cn.nytimes.com,24,1671082881624,24,0,0,0,0,24,0,24,0,24,21,0
1,nytimes.com,27,1671082886000,27,0,0,0,0,27,0,27,0,27,25,0
1,myaccount.nytimes.com,11,1671082888340,11,0,0,0,0,11,0,11,0,11,9,0
1,amazonaws.com,3,1671082889788,3,0,0,0,0,3,0,3,0,3,3,0
1,apache.org,29,1671082899798,29,0,0,0,0,29,0,29,0,29,25,0
1,apache.org,11,1671082913892,11,0,0,0,0,11,0,11,0,11,10,0
1,apache.org,16,1671082916429,16,0,0,0,0,16,0,16,0,16,14,0
1,apache.org,11,1671082918295,11,0,0,0,0,11,0,11,0,11,9,0
1,apache.org,8,1671082920447,8,0,0,0,0,8,0,8,0,8,6,0
1,apache.org,8,1671082922921,8,0,0,0,0,8,0,8,0,8,7,0
1,apache.org,9,1671082924661,9,0,0,0,0,9,0,9,0,9,7,0
1,apache.org,7,1671082926550,7,0,0,0,0,7,0,7,0,7,7,0
1,community.apache.org,16,1671082927939,16,0,0,0,0,16,0,16,0,16,14,0
1,github.io,15,1671082929511,15,0,0,0,0,15,0,15,0,15,11,0
1,pages.github.com,8,1671082932135,8,0,0,0,0,8,0,8,0,8,7,0
1,github.com,10,1671082933813,10,0,0,0,0,10,0,10,0,10,6,0
1,help.github.com,0,1671082937600,0,0,0,0,0,0,0,0,0,0,0,0
1,docs.github.com,5,1671082937628,5,0,0,0,0,5,0,5,0,5,4,0
1,pages.github.com,12,1671082939201,12,0,0,0,0,12,0,12,0,12,9,0
1,github.com,10,1671082941693,10,0,0,0,0,10,0,10,0,10,9,0
1,github.com,8,1671082944422,8,0,0,0,0,8,0,8,0,8,4,0
1,pages.github.com,13,1671082945929,13,0,0,0,0,13,0,13,0,13,12,0
1,sites.google.com,19,1671082949703,19,0,0,0,0,19,0,19,0,19,15,0
1,support.google.com,30,1671082952002,30,0,0,0,0,30,0,30,0,30,25,0
1,support.google.com,24,1671082955153,24,0,0,0,0,24,0,24,0,24,21,0
1,accounts.google.com,42,1671082957278,42,0,0,0,0,42,0,42,0,42,35,0
1,soundcloud.com,61,1671082963628,61,0,0,0,0,61,0,61,0,61,55,0
1,soundcloud.com,71,1671082968657,71,0,0,0,0,71,0,71,0,71,64,0
1,soundcloud.com,29,1671082977149,29,0,0,0,0,29,0,29,0,29,27,0
1,soundcloud.com,41,1671082978850,41,0,0,0,0,41,0,41,0,41,39,0
1,checkout.soundcloud.com,23,1671082983187,23,0,0,0,0,23,0,23,0,23,22,0
1,checkout.soundcloud.com,38,1671082984739,38,0,0,0,0,38,0,38,0,38,34,0
1,miit.gov.cn,1,1671082989212,1,0,0,0,0,1,0,1,0,1,1,0
1,secure.soundcloud.com,29,1671082989262,29,0,0,0,0,29,0,29,0,29,29,0
1,soundcloud.com,27,1671082991011,27,0,0,0,0,27,0,27,0,27,23,0
1,secure.soundcloud.com,19,1671082992774,19,0,0,0,0,19,0,19,0,19,18,0
1,checkout.soundcloud.com,38,1671082996337,38,0,0,0,0,38,0,38,0,38,34,0
1,soundcloud.com,29,1671082999084,29,0,0,0,0,29,0,29,0,29,27,0
1,help.soundcloud.com,18,1671083002049,18,0,0,0,0,18,0,18,0,18,14,0
1,soundcloud.com,77,1671083004793,77,0,0,0,0,77,0,77,0,77,73,0
1,soundcloud.com,25,1671083014008,25,0,0,0,0,25,0,25,0,25,24,0
1,t.co,5,1671083015768,5,0,0,0,0,5,0,5,0,5,3,0
1,twitter.com,24,1671083018233,24,0,0,0,0,24,5,19,0,24,19,0
1,twitter.com,22,1671083020618,22,0,0,0,0,22,7,15,0,22,20,0
1,twitter.com,17,1671083024367,17,0,0,0,0,17,4,13,0,17,17,0
1,help.twitter.com,47,1671083026956,47,0,0,0,0,47,2,45,0,47,36,0
1,help.twitter.com,16,1671083033017,16,0,0,0,0,16,0,16,0,16,12,0
1,blog.twitter.com,19,1671083035280,19,0,0,0,0,19,0,19,0,19,16,0
1,status.twitter.com,21,1671083039521,20,1,0,0,0,20,0,20,0,20,18,0
1,dev.twitter.com,20,1671083044088,20,0,0,0,0,20,0,20,0,20,14,0
1,help.twitter.com,19,1671083048385,19,0,0,0,0,19,0,19,0,19,18,0
1,medium.com,27,1671083050001,27,0,0,0,0,27,0,27,0,27,22,0
1,medium.com,10,1671083055996,10,0,0,0,0,10,0,10,0,10,8,0
1,medium.com,48,1671083058321,48,0,0,0,0,48,0,48,0,48,45,0
1,about.medium.com,15,1671083064176,15,0,0,0,0,15,0,15,0,15,11,0
1,medium.com,10,1671083067851,10,0,0,0,0,10,0,10,0,10,8,0
1,medium.com,8,1671083069330,8,0,0,0,0,8,0,8,0,8,6,0
1,medium.com,20,1671083072097,20,0,0,0,0,20,0,20,0,20,17,0
1,medium.com,22,1671083076079,22,0,0,0,0,22,0,22,0,22,20,0
1,tedbauer.medium.com,9,1671083080530,9,0,0,0,0,9,0,9,0,9,8,0
1,medium.com,27,1671083082804,27,0,0,0,0,27,0,27,0,27,25,0
1,w3.org,9,1671083086927,9,0,0,0,0,9,0,9,0,9,6,0
1,w3.org,5,1671083091536,5,0,0,0,0,5,0,5,0,5,4,0
1,w3.org,6,1671083093147,6,0,0,0,0,6,0,6,0,6,5,0
1,w3.org,5,1671083094473,5,0,0,0,0,5,0,5,0,5,4,0
1,w3.org,5,1671083095867,5,0,0,0,0,5,0,5,0,5,3,0
1,w3.org,5,1671083097492,5,0,0,0,0,5,0,5,0,5,4,0
1,w3.org,5,1671083098653,5,0,0,0,0,5,0,5,0,5,4,0
1,w3.org,17,1671083102231,17,0,0,0,0,17,0,17,0,17,15,0
1,w3.org,13,1671083104334,13,0,0,0,0,13,0,13,0,13,12,0
1,w3.org,6,1671083107140,6,0,0,0,0,6,0,6,0,6,5,0
1,w3.org,7,1671083108329,7,0,0,0,0,7,0,7,0,7,5,0
1,support.apple.com,14,1671083109734,14,0,0,0,0,14,0,14,14,0,10,0
1,apple.com,11,1671083116764,11,0,0,0,0,11,0,11,11,0,9,0
1,apple.com,13,1671083118805,13,0,0,0,0,13,0,13,5,8,9,0
1,support.apple.com,8,1671083122143,8,0,0,0,0,8,0,8,8,0,6,0
1,apple.com,6,1671083124148,6,0,0,0,0,6,0,6,6,0,5,0
1,apple.com,24,1671083126244,24,0,0,0,0,24,0,24,16,8,21,0
1,apple.com,8,1671083131603,8,0,0,0,0,8,0,8,8,0,6,0
1,apple.com,14,1671083133807,14,0,0,0,0,14,0,14,14,0,12,0
1,forbes.com,62,1671083136932,62,0,0,0,0,62,0,62,0,62,55,0
1,forbes.com,51,1671083155704,51,0,0,0,0,51,0,51,0,51,47,0
1,forbes.com,79,1671083166800,79,0,0,0,0,79,0,79,0,79,77,0
1,forbes.com,38,1671083183446,38,0,0,0,0,38,0,38,0,38,36,0
1,forbes.com,20,1671083191728,20,0,0,0,0,20,0,20,0,20,17,0
1,forbes.com,49,1671083193087,49,0,0,0,0,49,0,49,0,49,42,0
1,forbes.com,46,1671083205495,46,0,0,0,0,46,0,46,0,46,43,0
1,forbes.com,108,1671083211832,108,0,0,0,0,108,0,108,0,108,97,0
1,firebase.google.com,28,1671083230238,28,0,0,0,0,28,0,28,0,28,23,0
1,baidu.com,33,1671083240143,33,0,0,0,0,33,0,33,0,33,30,0
1,baidu.com,18,1671083251378,18,0,0,0,0,18,0,18,0,18,16,0
1,passport.baidu.com,35,1671083255292,35,0,0,0,0,35,0,35,0,35,32,0
1,news.baidu.com,33,1671083262203,8,25,0,0,0,8,0,8,0,8,22,0
1,hao123.com,36,1671083272212,36,0,0,0,0,36,0,36,0,36,34,0
1,map.baidu.com,44,1671083282258,43,1,0,0,0,43,0,43,0,43,40,0
1,tieba.baidu.com,68,1671083292258,67,1,0,0,0,67,0,67,0,67,56,0
1,haokan.baidu.com,27,1671083302219,27,0,0,0,0,27,0,27,0,27,24,0
1,image.baidu.com,35,1671083312238,34,1,0,0,0,34,0,34,0,34,32,0
1,zoom.us,61,1671083322225,61,0,0,0,0,61,0,61,2,59,54,0
1,explore.zoom.us,32,1671083333212,32,0,0,0,0,32,0,32,0,32,29,0
1,support.zoom.us,40,1671083339824,40,0,0,0,0,40,0,40,0,40,38,0
1,,18,1671083346369,18,0,0,0,0,18,0,18,0,18,17,0
1,explore.zoom.us,24,1671083356350,24,0,0,0,0,24,0,24,1,23,21,0
1,zoom.us,29,1671083360273,29,0,0,0,0,29,0,29,0,29,27,0
1,zoom.us,25,1671083362618,25,0,0,0,0,25,0,25,0,25,21,0
1,zoom.us,20,1671083366462,20,0,0,0,0,20,0,20,0,20,15,0
1,zoom.us,20,1671083370154,20,0,0,0,0,20,0,20,0,20,16,0
1,zoom.us,26,1671083372606,26,0,0,0,0,26,0,26,0,26,23,0
1,spotify.com,73,1671083376243,73,0,0,0,0,73,0,73,0,73,61,0
1,open.spotify.com,23,1671083386425,23,0,0,0,0,23,0,23,0,23,23,0
1,open.spotify.com,22,1671083390953,22,0,0,0,0,22,0,22,0,22,21,0
1,open.spotify.com,63,1671083393368,63,0,0,0,0,63,0,63,0,63,60,0
1,spotify.com,14,1671083397397,14,0,0,0,0,14,0,14,0,14,13,0
1,spotify.com,48,1671083401677,48,0,0,0,0,48,0,48,0,48,40,0
1,onetrust.com,5,1671083412080,5,0,0,0,0,5,0,5,0,5,5,0
1,beian.miit.gov.cn,2,1671083416832,2,0,0,0,0,2,0,2,0,2,1,0
1,cloudflare.com,38,1671083418713,38,0,0,0,0,38,0,38,0,38,33,0
1,cloudflare.com,15,1671083423419,15,0,0,0,0,15,0,15,0,15,12,0
1,cloudflare.com,10,1671083425233,10,0,0,0,0,10,0,10,0,10,7,0
1,cloudflare.com,14,1671083428229,14,0,0,0,0,14,0,14,0,14,12,0
1,,25,1671083429634,25,0,0,0,0,25,0,25,0,25,25,0
1,dash.cloudflare.com,26,1671083439627,26,0,0,0,0,26,0,26,7,19,21,0
1,cloudflare.com,28,1671083441998,28,0,0,0,0,28,0,28,6,22,27,0
1,cloudflare.com,10,1671083447263,10,0,0,0,0,10,0,10,0,10,8,0
1,,15,1671083448778,15,0,0,0,0,15,0,15,0,15,14,0
1,dash.cloudflare.com,25,1671083458730,25,0,0,0,0,25,0,25,10,15,23,0
1,t.me,32,1671083461000,32,0,0,0,0,32,0,32,0,32,29,0
1,telegram.org,11,1671083469531,11,0,0,0,0,11,0,11,0,11,10,0
1,telegram.org,15,1671083471065,15,0,0,0,0,15,0,15,0,15,13,0
1,telegram.org,9,1671083473856,9,0,0,0,0,9,0,9,0,9,9,0
1,telegram.org,11,1671083475248,11,0,0,0,0,11,0,11,0,11,10,0
1,telegram.org,14,1671083476533,14,0,0,0,0,14,0,14,0,14,12,0
1,telegram.org,10,1671083477959,10,0,0,0,0,10,0,10,0,10,9,0
1,telegram.org,10,1671083480492,10,0,0,0,0,10,0,10,0,10,9,0
1,telegram.org,16,1671083481984,16,0,0,0,0,16,0,16,0,16,15,0
1,telegram.org,10,1671083483623,10,0,0,0,0,10,0,10,0,10,9,0
1,ncbi.nlm.nih.gov,17,1671083486068,17,0,0,0,0,17,0,17,0,17,14,0
1,ncbi.nlm.nih.gov,16,1671083490584,16,0,0,0,0,16,0,16,0,16,15,0
1,account.ncbi.nlm.nih.gov,24,1671083492067,24,0,0,0,0,24,0,24,0,24,20,0
1,ncbi.nlm.nih.gov,20,1671083496714,20,0,0,0,0,20,0,20,0,20,15,0
1,ncbi.nlm.nih.gov,18,1671083501402,18,0,0,0,0,18,0,18,0,18,11,0
1,ncbi.nlm.nih.gov,22,1671083505550,22,0,0,0,0,22,0,22,0,22,19,0
1,ncbi.nlm.nih.gov,11,1671083509121,11,0,0,0,0,11,0,11,0,11,9,0
1,ncbi.nlm.nih.gov,14,1671083510859,14,0,0,0,0,14,0,14,0,14,14,0
1,ncbi.nlm.nih.gov,13,1671083511957,13,0,0,0,0,13,0,13,0,13,12,0
1,ncbi.nlm.nih.gov,17,1671083513589,17,0,0,0,0,17,0,17,0,17,16,0
1,ncbi.nlm.nih.gov,19,1671083516913,19,0,0,0,0,19,0,19,0,19,15,0
1,ncbi.nlm.nih.gov,14,1671083521506,14,0,0,0,0,14,0,14,0,14,13,0
1,archive.org,80,1671083523234,80,0,0,0,0,80,0,80,0,80,70,0
1,support.theguardian.com,29,1671083542889,29,0,0,0,0,29,0,29,0,29,25,0
1,profile.theguardian.com,20,1671083546479,20,0,0,0,0,20,0,20,0,20,20,0
1,manage.theguardian.com,4,1671083548645,4,0,0,0,0,4,0,4,0,4,2,0
1,profile.theguardian.com,23,1671083549304,23,0,0,0,0,23,0,23,0,23,22,0
1,manage.theguardian.com,2,1671083552442,2,0,0,0,0,2,0,2,0,2,1,0
1,profile.theguardian.com,19,1671083552581,19,0,0,0,0,19,0,19,0,19,19,0
1,manage.theguardian.com,2,1671083554612,2,0,0,0,0,2,0,2,0,2,0,0
1,profile.theguardian.com,21,1671083555404,21,0,0,0,0,21,0,21,0,21,18,0
1,manage.theguardian.com,0,1671083558271,0,0,0,0,0,0,0,0,0,0,0,0
1,profile.theguardian.com,16,1671083558294,16,0,0,0,0,16,0,16,0,16,16,0
1,manage.theguardian.com,2,1671083560284,2,0,0,0,0,2,0,2,0,2,0,0
1,profile.theguardian.com,21,1671083560784,21,0,0,0,0,21,0,21,0,21,18,0
1,manage.theguardian.com,0,1671083564000,0,0,0,0,0,0,0,0,0,0,0,0
1,profile.theguardian.com,16,1671083564024,16,0,0,0,0,16,0,16,0,16,16,0
1,profile.theguardian.com,4,1671083566053,4,0,0,0,0,4,0,4,0,4,0,0
1,theguardian.com,25,1671083566297,25,0,0,0,0,25,0,25,0,25,24,0
1,creativecommons.org,18,1671083569931,18,0,0,0,0,18,0,18,0,18,16,0
1,creativecommons.org,8,1671083576723,8,0,0,0,0,8,0,8,0,8,7,0
1,creativecommons.org,10,1671083579055,10,0,0,0,0,10,0,10,0,10,9,0
1,creativecommons.org,7,1671083581997,7,0,0,0,0,7,0,7,0,7,6,0
1,creativecommons.org,7,1671083584016,7,0,0,0,0,7,0,7,0,7,6,0
1,creativecommons.org,9,1671083586627,9,0,0,0,0,9,0,9,0,9,8,0
1,network.creativecommons.org,13,1671083588788,13,0,0,0,0,13,0,13,0,13,12,0
1,creativecommons.org,18,1671083592844,18,0,0,0,0,18,0,18,0,18,13,0
1,creativecommons.org,8,1671083596847,8,0,0,0,0,8,0,8,0,8,7,0
1,creativecommons.org,7,1671083599190,7,0,0,0,0,7,0,7,0,7,5,0
1,sourceforge.net,27,1671083601768,27,0,0,0,0,27,0,27,0,27,24,0
1,sourceforge.net,9,1671083606906,9,0,0,0,0,9,0,9,0,9,8,0
1,sourceforge.net,65,1671083608581,65,0,0,0,0,65,0,65,0,65,58,0
1,sourceforge.net,30,1671083618810,30,0,0,0,0,30,0,30,0,30,26,0
1,sourceforge.net,49,1671083622508,49,0,0,0,0,49,0,49,0,49,46,0
1,sourceforge.net,27,1671083628252,27,0,0,0,0,27,0,27,0,27,22,0
1,sourceforge.net,15,1671083632949,15,0,0,0,0,15,0,15,0,15,12,0
1,sourceforge.net,11,1671083635272,11,0,0,0,0,11,0,11,0,11,10,0
1,sourceforge.net,16,1671083638445,16,0,0,0,0,16,0,16,0,16,15,0
1,sourceforge.net,16,1671083640466,16,0,0,0,0,16,0,16,0,16,15,0
1,cnn.com,52,1671083643451,52,0,0,0,0,52,0,52,0,52,47,0
1,wa.me,13,1671083654626,13,0,0,0,0,13,0,13,0,13,10,0
1,,1,1671083655388,1,0,0,0,0,1,0,1,0,1,1,0
1,open.spotify.com,62,1671083663497,62,0,0,0,0,62,0,62,0,62,58,0
1,open.spotify.com,24,1671083670326,24,0,0,0,0,24,0,24,0,24,23,0
1,open.spotify.com,24,1671083672668,24,0,0,0,0,24,0,24,0,24,23,0
1,open.spotify.com,50,1671083676843,50,0,0,0,0,50,0,50,0,50,47,0
1,spotify.com,38,1671083685936,38,0,0,0,0,38,0,38,0,38,35,0
1,spotify.com,31,1671083691582,31,0,0,0,0,31,0,31,0,31,28,0
1,spotify.com,27,1671083697425,27,0,0,0,0,27,0,27,0,27,24,0
1,dropbox.com,47,1671083704661,47,0,0,0,0,47,0,47,0,47,43,0
1,dropbox.com,34,1671083715931,34,0,0,0,0,34,0,34,0,34,31,0
1,experience.dropbox.com,30,1671083721798,30,0,0,0,0,30,0,30,2,28,28,0
1,experience.dropbox.com,26,1671083726767,26,0,0,0,0,26,0,26,1,25,25,0
1,dropbox.com,23,1671083730080,23,0,0,0,0,23,0,23,1,22,21,0
1,experience.dropbox.com,28,1671083735132,28,0,0,0,0,28,0,28,1,27,27,0
1,dropbox.com,43,1671083739345,43,0,0,0,0,43,0,43,0,43,40,0
1,dropbox.com,12,1671083747372,12,0,0,0,0,12,0,12,0,12,10,0
1,dropbox.com,43,1671083749937,43,0,0,0,0,43,0,43,0,43,40,0
1,who.int,16,1671083760976,16,0,0,0,0,16,0,16,0,16,11,0
1,who.int,14,1671083764358,14,0,0,0,0,14,0,14,0,14,14,0
1,afro.who.int,41,1671083767603,41,0,0,0,0,41,0,41,0,41,36,0
1,paho.org,16,1671083777590,16,0,0,0,0,16,0,16,0,16,12,0
1,who.int,40,1671083781414,40,0,0,0,0,40,0,40,0,40,35,0
1,emro.who.int,25,1671083791363,25,0,0,0,0,25,0,25,0,25,22,0
1,who.int,11,1671083802635,11,0,0,0,0,11,0,11,0,11,9,0
1,wixsite.com,1,1671083805034,1,0,0,0,0,1,0,1,0,1,0,0
1,office.com,39,1671083805254,39,0,0,0,0,39,0,39,0,39,33,0
1,microsoft.com,29,1671083844696,29,0,0,0,0,29,0,29,0,29,25,0
1,microsoft.com,38,1671083884255,38,0,0,0,0,38,0,38,0,38,36,0
1,paypal.com,23,1671083892328,23,0,0,0,0,23,0,23,13,10,20,0
1,paypal.com,19,1671083897651,19,0,0,0,0,19,0,19,13,6,18,0
1,paypal.com,11,1671083899583,11,0,0,0,0,11,0,11,9,2,10,0
1,paypal.com,17,1671083902535,17,0,0,0,0,17,0,17,11,6,15,0
1,paypal.com,29,1671083904526,29,0,0,0,0,29,0,29,20,9,28,0
1,paypal.com,16,1671083909529,16,0,0,0,0,16,0,16,14,2,14,0
1,paypal.com,21,1671083911440,21,0,0,0,0,21,0,21,14,7,19,0
1,paypal.com,15,1671083914638,15,0,0,0,0,15,0,15,8,7,13,0
1,paypal.com,18,1671083916663,18,0,0,0,0,18,0,18,11,7,17,0
1,paypal.com,22,1671083919966,22,0,0,0,0,22,0,22,14,8,20,0
1,paypal.com,11,1671083921949,11,0,0,0,0,11,0,11,9,2,9,0
1,bbc.co.uk,61,1671083924786,61,0,0,0,0,61,0,61,0,61,56,0
1,bbc.com,20,1671083938044,20,0,0,0,0,20,0,20,0,20,19,0
1,bbc.com,19,1671083941616,19,0,0,0,0,19,0,19,0,19,18,0
1,bbc.co.uk,9,1671083944434,9,0,0,0,0,9,0,9,0,9,8,0
1,session.bbc.com,16,1671083946894,16,0,0,0,0,16,0,16,0,16,13,0
1,bbc.co.uk,13,1671083949588,13,0,0,0,0,13,0,13,0,13,9,0
1,bbc.co.uk,20,1671083953128,20,0,0,0,0,20,0,20,0,20,18,0
1,bbc.co.uk,29,1671083956280,29,0,0,0,0,29,0,29,0,29,26,0
1,bbc.co.uk,30,1671083964717,30,0,0,0,0,30,0,30,0,30,29,0
1,m.facebook.com,5,1671083970449,5,0,0,0,0,5,0,5,0,5,4,0
1,m.facebook.com,9,1671083972673,9,0,0,0,0,9,0,9,0,9,8,0
1,m.facebook.com,8,1671083974970,8,0,0,0,0,8,0,8,0,8,7,0
1,m.facebook.com,8,1671083977500,8,0,0,0,0,8,0,8,0,8,6,0
1,m.facebook.com,8,1671083979226,8,0,0,0,0,8,0,8,0,8,7,0
1,m.facebook.com,8,1671083981357,8,0,0,0,0,8,0,8,0,8,7,0
1,m.facebook.com,5,1671083982961,5,0,0,0,0,5,0,5,0,5,4,0
1,m.facebook.com,9,1671083984598,9,0,0,0,0,9,0,9,0,9,7,0
1,m.facebook.com,5,1671083986555,5,0,0,0,0,5,0,5,0,5,4,0
1,m.facebook.com,5,1671083988088,5,0,0,0,0,5,0,5,0,5,4,0
1,m.facebook.com,9,1671083989683,9,0,0,0,0,9,0,9,0,9,8,0
1,tiktok.com,2,1671083992493,2,0,0,0,0,2,0,2,0,2,0,0
1,tiktok.com,42,1671083993678,42,0,0,0,0,42,0,42,0,42,39,0
1,tiktok.com,14,1671084005145,14,0,0,0,0,14,0,14,0,14,11,0
1,tiktok.com,16,1671084009791,16,0,0,0,0,16,0,16,0,16,14,0
1,tiktok.com,12,1671084016056,12,0,0,0,0,12,0,12,0,12,11,0
1,tiktok.com,8,1671084022713,8,0,0,0,0,8,0,8,0,8,7,0
1,tiktok.com,27,1671084025342,27,0,0,0,0,27,0,27,0,27,26,0
1,tiktok.com,18,1671084037576,18,0,0,0,0,18,0,18,0,18,17,0
1,tiktok.com,17,1671084044064,17,0,0,0,0,17,0,17,0,17,16,0
1,tiktok.com,13,1671084050759,13,0,0,0,0,13,0,13,0,13,11,0
1,issuu.com,30,1671084056630,30,0,0,0,0,30,0,30,0,30,30,0
1,issuu.com,55,1671084070946,55,0,0,0,0,55,0,55,0,55,51,0
1,issuu.com,24,1671084086731,24,0,0,0,0,24,0,24,0,24,23,0
1,issuu.com,24,1671084092777,24,0,0,0,0,24,0,24,0,24,23,0
1,issuu.com,26,1671084099385,26,0,0,0,0,26,0,26,0,26,25,0
1,issuu.com,10,1671084105458,10,0,0,0,0,10,0,10,0,10,8,0
1,issuu.com,48,1671084108957,48,0,0,0,0,48,0,48,0,48,42,0
1,weebly.com,22,1671084117905,22,0,0,0,0,22,0,22,0,22,20,0
1,weebly.com,26,1671084120086,26,0,0,0,0,26,0,26,0,26,25,0
1,weebly.com,26,1671084124818,26,0,0,0,0,26,0,26,0,26,23,0
1,weebly.com,23,1671084127380,23,0,0,0,0,23,0,23,0,23,20,0
1,weebly.com,17,1671084132177,17,0,0,0,0,17,0,17,0,17,16,0
1,weebly.com,31,1671084134108,31,0,0,0,0,31,0,31,0,31,29,0
1,weebly.com,84,1671084138889,84,0,0,0,0,84,0,84,0,84,75,0
1,weebly.com,64,1671084153107,64,0,0,0,0,64,0,64,0,64,55,0
1,sciencedirect.com,27,1671084163396,27,0,0,0,0,27,0,27,0,27,23,0
1,sciencedirect.com,13,1671084170978,13,0,0,0,0,13,0,13,0,13,13,0
1,sciencedirect.com,13,1671084172297,13,0,0,0,0,13,0,13,0,13,11,0
1,sciencedirect.com,11,1671084174005,11,0,0,0,0,11,0,11,0,11,9,0
1,sciencedirect.com,15,1671084177710,15,0,0,0,0,15,0,15,0,15,12,0
1,lib.umd.edu,11,1671084179728,11,0,0,0,0,11,0,11,0,11,0,11
1,sciencedirect.com,10,1671084183212,10,0,0,0,0,10,0,10,0,10,9,0
1,sciencedirect.com,16,1671084184613,16,0,0,0,0,16,0,16,0,16,15,0
1,confidenceinresearch.elsevier.com,12,1671084186204,12,0,0,0,0,12,0,12,0,12,10,0
1,sciencedirect.com,9,1671084189210,9,0,0,0,0,9,0,9,0,9,8,0
1,cdc.gov,21,1671084190596,21,0,0,0,0,21,0,21,0,21,18,0
1,cdc.gov,36,1671084200324,36,0,0,0,0,36,0,36,0,36,31,0
1,cdc.gov,11,1671084206838,11,0,0,0,0,11,0,11,0,11,9,0
1,cdc.gov,10,1671084209754,10,0,0,0,0,10,0,10,0,10,8,0
1,cdc.gov,17,1671084211215,17,0,0,0,0,17,0,17,0,17,14,0
1,cdc.gov,15,1671084214789,15,0,0,0,0,15,0,15,0,15,15,0
1,cdc.gov,14,1671084216560,14,0,0,0,0,14,0,14,0,14,13,0
1,bbc.com,53,1671084218417,53,0,0,0,0,53,0,53,0,53,42,0
1,bbc.com,17,1671084229083,17,0,0,0,0,17,0,17,0,17,14,0
1,bbc.com,33,1671084232075,33,0,0,0,0,33,0,33,0,33,30,0
1,bbc.co.uk,5,1671084235991,5,0,0,0,0,5,0,5,0,5,3,0
1,session.bbc.com,11,1671084237502,11,0,0,0,0,11,0,11,0,11,8,0
1,bbc.co.uk,11,1671084241228,11,0,0,0,0,11,0,11,0,11,7,0
1,bbc.co.uk,7,1671084243654,7,0,0,0,0,7,0,7,0,7,4,0
1,bbc.co.uk,19,1671084247161,19,0,0,0,0,19,0,19,0,19,17,0
1,bbc.com,32,1671084253218,32,0,0,0,0,32,0,32,0,32,32,0
1,vk.com,33,1671084260810,33,0,0,0,0,33,0,33,0,33,30,0
1,vk.com,12,1671084268837,12,0,0,0,0,12,0,12,0,12,11,0
1,vk.com,14,1671084270838,14,0,0,0,0,14,0,14,0,14,13,0
1,vk.com,10,1671084275302,10,0,0,0,0,10,0,10,0,10,7,0
1,vk.com,18,1671084279178,18,0,0,0,0,18,0,18,0,18,17,0
1,vk.com,14,1671084283813,14,0,0,0,0,14,0,14,0,14,13,0
1,vk.com,9,1671084288003,9,0,0,0,0,9,0,9,0,9,8,0
1,vk.com,15,1671084291499,15,0,0,0,0,15,0,15,0,15,14,0
1,vk.com,9,1671084299105,9,0,0,0,0,9,0,9,0,9,7,0
1,httpd.apache.org,11,1671084308397,11,0,0,0,0,11,0,11,0,11,9,0
1,httpd.apache.org,5,1671084311025,5,0,0,0,0,5,0,5,0,5,3,0
1,apache.org,10,1671084312140,10,0,0,0,0,10,0,10,0,10,9,0
1,apachecon.com,14,1671084314558,14,0,0,0,0,14,0,14,0,14,12,0
1,httpd.apache.org,2,1671084317659,2,0,0,0,0,2,0,2,0,2,1,0
1,httpd.apache.org,2,1671084319518,2,0,0,0,0,2,0,2,0,2,1,0
1,httpd.apache.org,3,1671084320606,3,0,0,0,0,3,0,3,0,3,2,0
1,apache.org,9,1671084321813,9,0,0,0,0,9,0,9,0,9,7,0
1,wiki.apache.org,19,1671084323392,19,0,0,0,0,19,0,19,0,19,15,0
1,httpd.apache.org,4,1671084328123,4,0,0,0,0,4,0,4,0,4,2,0
1,httpd.apache.org,2,1671084329946,2,0,0,0,0,2,0,2,0,2,2,0
1,nginx.org,4,1671084331020,4,0,0,0,0,4,0,4,0,4,2,0
1,nginx.com,26,1671084335257,26,0,0,0,0,26,0,26,1,25,24,0
1,nginx.org,4,1671084341732,4,0,0,0,0,4,0,4,0,4,4,0
1,nginx.org,4,1671084343046,4,0,0,0,0,4,0,4,0,4,1,0
1,nginx.org,2,1671084345354,2,0,0,0,0,2,0,2,0,2,2,0
1,nginx.org,2,1671084346641,2,0,0,0,0,2,0,2,0,2,1,0
1,nginx.org,3,1671084348072,3,0,0,0,0,3,0,3,0,3,2,0
1,nginx.org,3,1671084349536,3,0,0,0,0,3,0,3,0,3,2,0
1,nginx.org,3,1671084351896,3,0,0,0,0,3,0,3,0,3,2,0
1,nginx.org,3,1671084353280,3,0,0,0,0,3,0,3,0,3,2,0
1,nginx.org,3,1671084354739,3,0,0,0,0,3,0,3,0,3,2,0
1,tinyurl.com,5,1671084356979,5,0,0,0,0,5,0,5,0,5,3,0
1,cloudflare.com,10,1671084358940,10,0,0,0,0,10,0,10,0,10,6,0
1,opera.com,16,1671084361359,16,0,0,0,0,16,0,16,0,16,15,0
1,opera.com,10,1671084367066,10,0,0,0,0,10,0,10,0,10,8,0
1,opera.com,7,1671084368743,7,0,0,0,0,7,0,7,0,7,6,0
1,opera.com,48,1671084371156,48,0,0,0,0,48,0,48,0,48,46,0
1,opera.com,37,1671084380582,37,0,0,0,0,37,0,37,0,37,34,0
1,opera.com,7,1671084388485,7,0,0,0,0,7,0,7,0,7,6,0
1,reuters.com,59,1671084391040,59,0,0,0,0,59,0,59,0,59,53,0
1,go.microsoft.com,9,1671084409089,9,0,0,0,0,9,0,9,0,9,5,0
1,go.microsoft.com,5,1671084411228,5,0,0,0,0,5,0,5,0,5,2,0
1,go.microsoft.com,4,1671084412765,4,0,0,0,0,4,0,4,0,4,0,0
1,play.google.com,19,1671084414194,19,0,0,0,0,19,0,19,0,19,18,0
1,outlook.live.com,3,1671084417094,3,0,0,0,0,3,0,3,0,3,1,0
1,login.live.com,14,1671084418758,14,0,0,0,0,14,0,14,0,14,11,0
1,go.microsoft.com,15,1671084420195,15,0,0,0,0,15,0,15,0,15,8,0
1,outlook.live.com,3,1671084424728,3,0,0,0,0,3,0,3,0,3,3,0
1,outlook.live.com,9,1671084425962,9,0,0,0,0,9,0,9,0,9,5,0
1,microsoft.com,13,1671084428207,13,0,0,0,0,13,0,13,0,13,10,0
1,go.microsoft.com,22,1671084431487,22,0,0,0,0,22,0,22,0,22,17,0
1,outlook.live.com,15,1671084436889,15,0,0,0,0,15,0,15,0,15,12,0
1,washingtonpost.com,63,1671084438775,63,0,0,0,0,63,0,63,19,44,53,0
1,washingtonpost.com,34,1671084459217,34,0,0,0,0,34,0,34,9,25,32,0
1,washingtonpost.com,38,1671084468197,38,0,0,0,0,38,0,38,10,28,35,0
1,washingtonpost.com,3,1671084477934,3,0,0,0,0,3,0,3,0,3,3,0
1,washingtonpost.com,47,1671084487994,47,0,0,0,0,47,0,47,11,36,45,0
1,washingtonpost.com,37,1671084498015,37,0,0,0,0,37,0,37,6,31,36,0
1,washingtonpost.com,63,1671084507197,63,0,0,0,0,63,0,63,11,52,59,0
1,washingtonpost.com,27,1671084519369,27,0,0,0,0,27,0,27,10,17,25,0
1,oracle.com,30,1671084524364,30,0,0,0,0,30,0,30,0,30,28,0
1,oracle.com,11,1671084540553,11,0,0,0,0,11,0,11,0,11,10,0
1,oracle.com,18,1671084542596,18,0,0,0,0,18,0,18,0,18,16,0
1,oracle.com,20,1671084545757,20,0,0,0,0,20,0,20,0,20,19,0
1,oracle.com,15,1671084548156,15,0,0,0,0,15,0,15,0,15,14,0
1,oracle.com,9,1671084551144,9,0,0,0,0,9,0,9,0,9,8,0
1,oracle.com,15,1671084553145,15,0,0,0,0,15,0,15,0,15,14,0
1,oracle.com,21,1671084556256,21,0,0,0,0,21,0,21,0,21,20,0
1,oracle.com,7,1671084559707,7,0,0,0,0,7,0,7,0,7,6,0
1,oracle.com,40,1671084561151,40,0,0,0,0,40,0,40,0,40,36,0
1,nginx.com,40,1671084577309,40,0,0,0,0,40,0,40,5,35,38,0
1,nginx.com,24,1671084586723,24,0,0,0,0,24,0,24,1,23,22,0
1,nginx.com,10,1671084591849,10,0,0,0,0,10,0,10,2,8,8,0
1,nginx.com,23,1671084594011,23,0,0,0,0,23,0,23,0,23,22,0
1,nginx.com,21,1671084599683,21,0,0,0,0,21,0,21,1,20,20,0
1,nginx-cn.net,12,1671084604079,12,0,0,0,0,12,0,12,0,12,10,0
1,nginx.co.jp,37,1671084614096,37,0,0,0,0,37,0,37,0,37,35,0
1,youtube-nocookie.com,10,1671084624108,10,0,0,0,0,10,0,10,0,10,9,0
1,youtube.com,23,1671084627439,23,0,0,0,0,23,0,23,0,23,19,0
1,bloomberg.com,135,1671084629646,135,0,0,0,0,135,0,135,1,134,123,0
1,imdb.com,186,1671084689364,186,0,0,0,0,186,0,186,0,186,175,0
1,harvard.edu,13,1671084745174,13,0,0,0,0,13,0,13,0,13,11,0
1,harvard.edu,19,1671084748445,19,0,0,0,0,19,0,19,0,19,17,0
1,directory.harvard.edu,9,1671084752214,9,0,0,0,0,9,0,9,0,9,7,0
1,harvard.edu,13,1671084754559,13,0,0,0,0,13,0,13,0,13,12,0
1,harvard.edu,21,1671084756562,21,0,0,0,0,21,0,21,0,21,19,0
1,harvard.edu,17,1671084762594,17,0,0,0,0,17,0,17,0,17,16,0
1,harvard.edu,14,1671084766490,14,0,0,0,0,14,0,14,0,14,13,0
1,harvard.edu,15,1671084768768,15,0,0,0,0,15,0,15,0,15,13,0
1,php.net,11,1671084772140,11,0,0,0,0,11,0,11,0,11,8,0
1,php.net,6,1671084778754,6,0,0,0,0,6,0,6,0,6,2,0
1,php.net,2,1671084781159,2,0,0,0,0,2,0,2,0,2,2,0
1,php.net,4,1671084782504,4,0,0,0,0,4,0,4,0,4,3,0
1,php.net,5,1671084783986,5,0,0,0,0,5,0,5,0,5,2,0
1,php.net,3,1671084786292,3,0,0,0,0,3,0,3,0,3,3,0
1,php.net,6,1671084787430,6,0,0,0,0,6,0,6,0,6,4,0
1,php.net,5,1671084789386,5,0,0,0,0,5,0,5,0,5,2,0
1,php.net,3,1671084791435,3,0,0,0,0,3,0,3,0,3,3,0
1,php.net,4,1671084792637,4,0,0,0,0,4,0,4,0,4,3,0
1,php.net,4,1671084794142,4,0,0,0,0,4,0,4,0,4,3,0
1,mit.edu,18,1671084796510,18,0,0,0,0,18,0,18,0,18,15,0
1,web.mit.edu,28,1671084802829,28,0,0,0,0,28,0,28,0,28,25,0
1,web.mit.edu,12,1671084807996,12,0,0,0,0,12,0,12,0,12,9,0
1,web.mit.edu,16,1671084810188,16,0,0,0,0,16,0,16,0,16,14,0
1,web.mit.edu,13,1671084813369,13,0,0,0,0,13,0,13,0,13,10,0
1,web.mit.edu,13,1671084815242,13,0,0,0,0,13,0,13,0,13,12,0
1,news.mit.edu,16,1671084818730,15,1,0,0,0,15,0,15,0,15,14,0
1,web.mit.edu,23,1671084820499,23,0,0,0,0,23,0,23,0,23,18,0
1,accounts.google.com,14,1671084826297,14,0,0,0,0,14,0,14,0,14,10,0
1,support.google.com,27,1671084829867,27,0,0,0,0,27,0,27,0,27,24,0
1,support.google.com,16,1671084833563,16,0,0,0,0,16,0,16,0,16,13,0
1,accounts.google.com,29,1671084836042,29,0,0,0,0,29,0,29,0,29,25,0
1,doi.org,6,1671084844510,6,0,0,0,0,6,0,6,0,6,3,0
1,doi.org,4,1671084846957,4,0,0,0,0,4,0,4,0,4,3,0
1,doi.org,1,1671084848426,1,0,0,0,0,1,0,1,0,1,1,0
1,doi.org,2,1671084849447,2,0,0,0,0,2,0,2,0,2,1,0
1,doi.org,3,1671084850522,3,0,0,0,0,3,0,3,0,3,1,0
1,doi.org,4,1671084851667,4,0,0,0,0,4,0,4,0,4,3,0
1,doi.org,1,1671084853649,1,0,0,0,0,1,0,1,0,1,1,0
1,doi.org,4,1671084854672,4,0,0,0,0,4,0,4,0,4,2,0
1,doi.org,29,1671086077607,28,1,0,0,0,28,0,28,0,28,25,0
1,wsj.com,55,1671086084421,54,1,0,0,0,54,0,54,0,54,48,0
1,weibo.com,15,1671086103761,14,1,0,0,0,14,0,14,0,14,12,0
1,weibo.com,12,1671086107622,11,1,0,0,0,11,0,11,0,11,9,0
1,weibo.com,4,1671086110598,4,0,0,0,0,4,0,4,0,4,1,0
1,d.weibo.com,4,1671086113952,4,0,0,0,0,4,0,4,0,4,2,0
1,game.weibo.com,22,1671086115994,20,2,0,0,0,20,0,20,0,20,19,0
1,weibo.com,19,1671086125999,19,0,0,0,0,19,0,19,0,19,18,0
1,d.weibo.com,4,1671086130269,4,0,0,0,0,4,0,4,0,4,2,0
1,d.weibo.com,4,1671086132077,4,0,0,0,0,4,0,4,0,4,2,0
1,wikimedia.org,6,1671086133891,6,0,0,0,0,6,0,6,0,6,3,0
1,meta.wikimedia.org,9,1671086136914,9,0,0,0,0,9,0,9,0,9,8,0
1,meta.wikimedia.org,17,1671086139473,17,0,0,0,0,17,0,17,0,17,15,0
1,wikipedia.org,7,1671086146299,7,0,0,0,0,7,0,7,0,7,4,0
1,wiktionary.org,4,1671086148526,4,0,0,0,0,4,0,4,0,4,4,0
1,wikiquote.org,5,1671086149882,5,0,0,0,0,5,0,5,0,5,4,0
1,wikibooks.org,7,1671086151379,7,0,0,0,0,7,0,7,0,7,3,0
1,wikisource.org,8,1671086153484,8,0,0,0,0,8,0,8,0,8,7,0
1,wikinews.org,5,1671086155638,5,0,0,0,0,5,0,5,0,5,3,0
1,wikiversity.org,6,1671086157104,6,0,0,0,0,6,0,6,0,6,5,0
1,bing.com,22,1671086159513,22,0,0,0,0,22,0,22,0,22,17,0
1,bing.com,9,1671086167393,9,0,0,0,0,9,0,9,0,9,7,0
1,bing.com,24,1671086169672,24,0,0,0,0,24,0,24,0,24,22,0
1,bing.com,9,1671086177421,9,0,0,0,0,9,0,9,0,9,7,0
1,bing.com,14,1671086179932,14,0,0,0,0,14,0,14,0,14,12,0
1,bing.com,9,1671086185114,9,0,0,0,0,9,0,9,0,9,8,0
1,bing.com,14,1671086187616,14,0,0,0,0,14,0,14,0,14,13,0
1,bing.com,15,1671086191433,15,0,0,0,0,15,0,15,0,15,15,0
1,wiley.com,32,1671086201037,32,0,0,0,0,32,0,32,0,32,28,0
1,wiley.com,36,1671086212742,36,0,0,0,0,36,0,36,0,36,33,0
1,wiley.com,15,1671086220947,15,0,0,0,0,15,0,15,0,15,14,0
1,wiley.com,7,1671086226464,7,0,0,0,0,7,0,7,0,7,7,0
1,wiley.com,8,1671086230349,8,0,0,0,0,8,0,8,0,8,7,0
1,wiley.com,9,1671086234055,9,0,0,0,0,9,0,9,0,9,8,0
1,wiley.com,24,1671086238348,24,0,0,0,0,24,0,24,0,24,23,0
1,nature.com,16,1671086246688,16,0,0,0,0,16,0,16,0,16,10,0
1,nature.com,7,1671086253888,7,0,0,0,0,7,0,7,0,7,6,0
1,nature.com,11,1671086255637,11,0,0,0,0,11,0,11,0,11,7,0
1,nature.com,4,1671086257872,4,0,0,0,0,4,0,4,0,4,4,0
1,nature.com,7,1671086259110,7,0,0,0,0,7,0,7,0,7,6,0
1,nature.com,7,1671086261719,7,0,0,0,0,7,0,7,0,7,6,0
1,nature.com,7,1671086263839,7,0,0,0,0,7,0,7,0,7,6,0
1,nature.com,9,1671086265477,9,0,0,0,0,9,0,9,0,9,7,0
1,nature.com,6,1671086267823,6,0,0,0,0,6,0,6,0,6,5,0
1,nature.com,6,1671086269370,6,0,0,0,0,6,0,6,0,6,4,0
1,msn.com,17,1671086271110,17,0,0,0,0,17,0,17,0,17,14,0
1,un.org,12,1671086273298,11,1,0,0,0,11,0,11,0,11,8,0
1,uni.cf,98,1671086275661,98,0,0,0,0,98,0,98,0,98,90,0
1,un.org,7,1671086314805,7,0,0,0,0,7,0,7,0,7,6,0
1,uni.cf,42,1671086319169,42,0,0,0,0,42,0,42,0,42,39,0
1,un.org,40,1671086346416,40,0,0,0,0,40,0,40,0,40,39,0
1,fsf.org,8,1671086365363,8,0,0,0,0,8,0,8,0,8,6,0
1,fsf.org,9,1671086370381,9,0,0,0,0,9,0,9,0,9,7,0
1,fsf.org,14,1671086372280,14,0,0,0,0,14,0,14,0,14,12,0
1,gnu.org,1,1671086381952,1,0,0,0,0,1,0,1,0,1,0,0
1,gnu.org,2,1671086384205,2,0,0,0,0,2,0,2,0,2,1,0
1,gnu.org,3,1671086386411,3,0,0,0,0,3,0,3,0,3,0,0
1,businessinsider.com,42,1671086390261,42,0,0,0,0,42,0,42,0,42,40,0
1,businessinsider.com,9,1671086400293,9,0,0,0,0,9,0,9,0,9,8,0
1,businessinsider.com,9,1671086402462,9,0,0,0,0,9,0,9,0,9,9,0
1,insider.com,10,1671086403816,10,0,0,0,0,10,0,10,0,10,9,0
1,businessinsider.com,22,1671086405585,22,0,0,0,0,22,0,22,0,22,20,0
1,businessinsider.com,49,1671086414521,49,0,0,0,0,49,0,49,0,49,43,0
1,wpa.qq.com,2,1671086444852,2,0,0,0,0,2,0,2,0,2,0,0
1,ibm.com,23,1671086447880,23,0,0,0,0,23,0,23,0,23,18,0
1,ibm.com,4,1671086469720,4,0,0,0,0,4,0,4,0,4,4,0
